pm2_5,city,co,pm10,level,o3,spider,rank,so2,date,aqi,no2
36 ,宝鸡,0.6 ,85 ,,147 ,aqi,163 ,6 ,2017-06-01,90 ,24 
38 ,宝鸡,0.6 ,97 ,,175 ,aqi,310 ,9 ,2017-06-02,114 ,40 
47 ,宝鸡,0.8 ,98 ,,92 ,aqi,288 ,9 ,2017-06-03,74 ,41 
15 ,宝鸡,0.9 ,18 ,,101 ,aqi,173 ,3 ,2017-06-04,51 ,21 
16 ,宝鸡,0.8 ,26 ,,134 ,aqi,12 ,4 ,2017-06-05,79 ,18 
15 ,宝鸡,0.5 ,39 ,,106 ,aqi,140 ,4 ,2017-06-06,55 ,24 
19 ,宝鸡,0.6 ,53 ,,120 ,aqi,201 ,6 ,2017-06-07,67 ,25 
14 ,宝鸡,0.5 ,32 ,,128 ,aqi,34 ,5 ,2017-06-08,74 ,21 
26 ,宝鸡,0.8 ,51 ,,68 ,aqi,201 ,6 ,2017-06-09,51 ,34 
16 ,宝鸡,0.5 ,45 ,,133 ,aqi,89 ,5 ,2017-06-10,78 ,25 
28 ,宝鸡,0.7 ,77 ,,87 ,aqi,242 ,7 ,2017-06-11,64 ,38 
28 ,宝鸡,0.7 ,70 ,,159 ,aqi,259 ,7 ,2017-06-12,100 ,31 
33 ,宝鸡,0.7 ,71 ,,162 ,aqi,256 ,7 ,2017-06-13,102 ,30 
43 ,宝鸡,0.7 ,74 ,,83 ,aqi,159 ,6 ,2017-06-14,62 ,36 
32 ,宝鸡,0.7 ,65 ,,155 ,aqi,175 ,7 ,2017-06-15,96 ,32 
34 ,宝鸡,0.7 ,75 ,,165 ,aqi,246 ,6 ,2017-06-16,105 ,34 
50 ,宝鸡,0.8 ,101 ,,178 ,aqi,244 ,9 ,2017-06-17,117 ,40 
49 ,宝鸡,0.8 ,94 ,,172 ,aqi,305 ,7 ,2017-06-18,111 ,33 
30 ,宝鸡,0.6 ,76 ,,149 ,aqi,317 ,7 ,2017-06-19,91 ,25 
20 ,宝鸡,0.5 ,46 ,,127 ,aqi,111 ,5 ,2017-06-20,73 ,27 
42 ,保定,0.9 ,84 ,,220 ,aqi,274 ,25 ,2017-06-01,155 ,26 
36 ,保定,0.8 ,91 ,,78 ,aqi,253 ,23 ,2017-06-02,71 ,36 
29 ,保定,0.7 ,62 ,,156 ,aqi,154 ,16 ,2017-06-03,97 ,28 
55 ,保定,0.8 ,105 ,,201 ,aqi,294 ,40 ,2017-06-04,138 ,46 
79 ,保定,1 ,153 ,,179 ,aqi,316 ,46 ,2017-06-05,118 ,59 
39 ,保定,0.6 ,52 ,,117 ,aqi,332 ,12 ,2017-06-06,65 ,27 
56 ,保定,0.7 ,88 ,,183 ,aqi,296 ,17 ,2017-06-07,121 ,37 
48 ,保定,0.8 ,104 ,,190 ,aqi,263 ,24 ,2017-06-08,128 ,35 
45 ,保定,0.8 ,114 ,,221 ,aqi,271 ,29 ,2017-06-09,156 ,32 
29 ,保定,0.6 ,91 ,,132 ,aqi,328 ,31 ,2017-06-10,77 ,26 
39 ,保定,0.7 ,106 ,,230 ,aqi,275 ,24 ,2017-06-11,165 ,41 
53 ,保定,0.9 ,104 ,,192 ,aqi,306 ,23 ,2017-06-12,130 ,37 
55 ,保定,0.9 ,98 ,,199 ,aqi,302 ,21 ,2017-06-13,136 ,36 
68 ,保定,0.8 ,123 ,,201 ,aqi,330 ,12 ,2017-06-14,138 ,46 
64 ,保定,0.8 ,131 ,,276 ,aqi,322 ,22 ,2017-06-15,203 ,47 
81 ,保定,0.8 ,149 ,,261 ,aqi,326 ,26 ,2017-06-16,196 ,38 
88 ,保定,1.1 ,160 ,,250 ,aqi,271 ,31 ,2017-06-17,185 ,34 
66 ,保定,1 ,129 ,,274 ,aqi,275 ,25 ,2017-06-18,202 ,33 
69 ,保定,1 ,118 ,,258 ,aqi,315 ,17 ,2017-06-19,193 ,36 
55 ,保定,0.9 ,112 ,,226 ,aqi,332 ,14 ,2017-06-20,161 ,34 
68 ,安阳,1.8 ,142 ,,261 ,aqi,309 ,20 ,2017-06-01,196 ,50 
76 ,安阳,1.6 ,183 ,,294 ,aqi,320 ,21 ,2017-06-02,206 ,46 
25 ,安阳,1.6 ,78 ,,101 ,aqi,297 ,33 ,2017-06-03,64 ,43 
51 ,安阳,2 ,118 ,,202 ,aqi,329 ,33 ,2017-06-04,139 ,62 
31 ,安阳,1.2 ,67 ,,122 ,aqi,331 ,10 ,2017-06-05,69 ,28 
31 ,安阳,1.3 ,51 ,,160 ,aqi,103 ,10 ,2017-06-06,100 ,22 
49 ,安阳,1.5 ,115 ,,200 ,aqi,308 ,18 ,2017-06-07,137 ,42 
50 ,安阳,1.5 ,135 ,,132 ,aqi,334 ,18 ,2017-06-08,93 ,45 
39 ,安阳,1.4 ,103 ,,189 ,aqi,166 ,22 ,2017-06-09,127 ,43 
50 ,安阳,1.4 ,180 ,,256 ,aqi,324 ,30 ,2017-06-10,191 ,42 
64 ,安阳,1.8 ,190 ,,218 ,aqi,338 ,43 ,2017-06-11,153 ,52 
92 ,安阳,1.8 ,222 ,,268 ,aqi,325 ,30 ,2017-06-12,201 ,44 
69 ,安阳,1.3 ,112 ,,169 ,aqi,325 ,8 ,2017-06-13,109 ,27 
62 ,安阳,1.8 ,110 ,,237 ,aqi,322 ,25 ,2017-06-14,172 ,38 
76 ,安阳,1.6 ,158 ,,226 ,aqi,330 ,20 ,2017-06-15,161 ,50 
64 ,安阳,1.6 ,136 ,,233 ,aqi,298 ,22 ,2017-06-16,168 ,43 
58 ,安阳,1.3 ,126 ,,221 ,aqi,286 ,22 ,2017-06-17,156 ,42 
50 ,安阳,1.3 ,114 ,,242 ,aqi,290 ,20 ,2017-06-18,177 ,32 
61 ,安阳,1.7 ,132 ,,244 ,aqi,332 ,24 ,2017-06-19,179 ,42 
77 ,安阳,1.9 ,143 ,,289 ,aqi,287 ,24 ,2017-06-20,205 ,41 
23 ,鞍山,1 ,61 ,,91 ,aqi,77 ,14 ,2017-06-01,56 ,30 
21 ,鞍山,0.8 ,54 ,,67 ,aqi,148 ,17 ,2017-06-02,52 ,36 
24 ,鞍山,1.1 ,48 ,,108 ,aqi,177 ,17 ,2017-06-03,57 ,29 
34 ,鞍山,1.2 ,64 ,,148 ,aqi,160 ,21 ,2017-06-04,90 ,28 
25 ,鞍山,1 ,57 ,,174 ,aqi,231 ,18 ,2017-06-05,113 ,29 
26 ,鞍山,0.8 ,52 ,,126 ,aqi,301 ,10 ,2017-06-06,72 ,23 
61 ,鞍山,1.2 ,85 ,,132 ,aqi,210 ,10 ,2017-06-07,83 ,26 
55 ,鞍山,1.5 ,88 ,,189 ,aqi,311 ,19 ,2017-06-08,127 ,29 
26 ,鞍山,1.1 ,77 ,,92 ,aqi,330 ,15 ,2017-06-09,64 ,28 
20 ,鞍山,1.1 ,70 ,,102 ,aqi,263 ,20 ,2017-06-10,60 ,35 
25 ,鞍山,1.1 ,62 ,,116 ,aqi,194 ,20 ,2017-06-11,64 ,38 
23 ,鞍山,1 ,55 ,,118 ,aqi,209 ,18 ,2017-06-12,65 ,37 
36 ,鞍山,1.3 ,69 ,,151 ,aqi,199 ,21 ,2017-06-13,93 ,34 
41 ,鞍山,1.6 ,83 ,,239 ,aqi,231 ,25 ,2017-06-14,174 ,26 
61 ,鞍山,2.3 ,122 ,,281 ,aqi,319 ,34 ,2017-06-15,203 ,48 
40 ,鞍山,1.2 ,107 ,,253 ,aqi,280 ,19 ,2017-06-16,188 ,26 
62 ,鞍山,1.2 ,109 ,,259 ,aqi,233 ,18 ,2017-06-17,194 ,19 
47 ,鞍山,1.2 ,84 ,,249 ,aqi,321 ,18 ,2017-06-18,184 ,23 
49 ,鞍山,1 ,82 ,,146 ,aqi,225 ,11 ,2017-06-19,89 ,19 
21 ,鞍山,1.1 ,43 ,,146 ,aqi,172 ,10 ,2017-06-20,89 ,24 
73 ,淮安,0.7 ,125 ,,214 ,aqi,307 ,15 ,2017-06-01,150 ,24 
20 ,淮安,0.4 ,65 ,,164 ,aqi,170 ,13 ,2017-06-02,104 ,16 
20 ,淮安,0.4 ,72 ,,147 ,aqi,228 ,12 ,2017-06-03,90 ,16 
14 ,淮安,0.3 ,49 ,,135 ,aqi,112 ,8 ,2017-06-04,80 ,14 
20 ,淮安,0.3 ,35 ,,118 ,aqi,95 ,6 ,2017-06-05,65 ,13 
34 ,淮安,0.5 ,43 ,,86 ,aqi,165 ,6 ,2017-06-06,49 ,17 
51 ,淮安,0.7 ,81 ,,184 ,aqi,279 ,11 ,2017-06-07,122 ,29 
81 ,淮安,0.9 ,98 ,,170 ,aqi,332 ,13 ,2017-06-08,110 ,40 
89 ,淮安,0.9 ,108 ,,245 ,aqi,315 ,14 ,2017-06-09,180 ,35 
62 ,淮安,0.7 ,71 ,,88 ,aqi,331 ,9 ,2017-06-10,84 ,24 
71 ,淮安,0.6 ,73 ,,140 ,aqi,323 ,9 ,2017-06-11,95 ,14 
14 ,淮安,0.3 ,54 ,,149 ,aqi,178 ,11 ,2017-06-12,91 ,20 
32 ,淮安,0.4 ,58 ,,146 ,aqi,238 ,7 ,2017-06-13,89 ,16 
35 ,淮安,0.5 ,63 ,,164 ,aqi,196 ,9 ,2017-06-14,104 ,18 
41 ,淮安,0.7 ,86 ,,229 ,aqi,210 ,17 ,2017-06-15,164 ,35 
50 ,淮安,0.8 ,105 ,,248 ,aqi,248 ,16 ,2017-06-16,183 ,44 
36 ,淮安,0.7 ,75 ,,224 ,aqi,182 ,16 ,2017-06-17,159 ,29 
38 ,淮安,0.6 ,73 ,,208 ,aqi,175 ,13 ,2017-06-18,144 ,20 
36 ,淮安,0.6 ,63 ,,168 ,aqi,161 ,10 ,2017-06-19,108 ,20 
29 ,淮安,0.5 ,52 ,,153 ,aqi,70 ,10 ,2017-06-20,95 ,19 
92 ,菏泽,1.5 ,195 ,,265 ,aqi,315 ,28 ,2017-06-01,200 ,56 
57 ,菏泽,1.1 ,198 ,,223 ,aqi,322 ,19 ,2017-06-02,158 ,29 
35 ,菏泽,1 ,99 ,,145 ,aqi,295 ,16 ,2017-06-03,88 ,30 
43 ,菏泽,0.9 ,130 ,,170 ,aqi,333 ,29 ,2017-06-04,110 ,38 
26 ,菏泽,1 ,55 ,,86 ,aqi,337 ,15 ,2017-06-05,53 ,26 
27 ,菏泽,1.1 ,52 ,,114 ,aqi,40 ,9 ,2017-06-06,62 ,24 
50 ,菏泽,1.3 ,111 ,,172 ,aqi,323 ,14 ,2017-06-07,111 ,39 
48 ,菏泽,1.2 ,116 ,,90 ,aqi,316 ,17 ,2017-06-08,83 ,39 
45 ,菏泽,1.1 ,98 ,,172 ,aqi,251 ,17 ,2017-06-09,111 ,36 
50 ,菏泽,1.3 ,100 ,,126 ,aqi,319 ,15 ,2017-06-10,75 ,37 
62 ,菏泽,1.4 ,107 ,,161 ,aqi,255 ,17 ,2017-06-11,101 ,26 
71 ,菏泽,1.4 ,140 ,,178 ,aqi,322 ,29 ,2017-06-12,117 ,25 
51 ,菏泽,1.1 ,114 ,,208 ,aqi,297 ,31 ,2017-06-13,144 ,32 
82 ,菏泽,1.2 ,142 ,,214 ,aqi,300 ,23 ,2017-06-14,150 ,30 
78 ,菏泽,1 ,157 ,,192 ,aqi,329 ,23 ,2017-06-15,130 ,32 
53 ,菏泽,1 ,114 ,,198 ,aqi,284 ,17 ,2017-06-16,135 ,29 
52 ,菏泽,1 ,117 ,,189 ,aqi,297 ,20 ,2017-06-17,127 ,34 
41 ,菏泽,1 ,96 ,,165 ,aqi,259 ,15 ,2017-06-18,105 ,26 
43 ,菏泽,1 ,97 ,,175 ,aqi,314 ,15 ,2017-06-19,114 ,27 
55 ,菏泽,0.9 ,113 ,,205 ,aqi,279 ,18 ,2017-06-20,141 ,28 
24 ,河源,0.8 ,48 ,,121 ,aqi,124 ,7 ,2017-06-01,68 ,18 
22 ,河源,0.8 ,49 ,,96 ,aqi,59 ,6 ,2017-06-02,49 ,21 
25 ,河源,0.8 ,50 ,,135 ,aqi,43 ,5 ,2017-06-03,80 ,14 
14 ,河源,0.8 ,32 ,,74 ,aqi,57 ,5 ,2017-06-04,37 ,13 
16 ,河源,0.6 ,34 ,,70 ,aqi,52 ,5 ,2017-06-05,35 ,8 
14 ,河源,0.6 ,30 ,,65 ,aqi,26 ,6 ,2017-06-06,33 ,10 
10 ,河源,0.8 ,26 ,,74 ,aqi,10 ,5 ,2017-06-07,37 ,16 
16 ,河源,0.8 ,38 ,,73 ,aqi,91 ,8 ,2017-06-08,38 ,17 
17 ,河源,0.8 ,33 ,,55 ,aqi,88 ,7 ,2017-06-09,33 ,15 
20 ,河源,0.7 ,38 ,,90 ,aqi,132 ,6 ,2017-06-10,45 ,15 
19 ,河源,0.6 ,36 ,,88 ,aqi,60 ,6 ,2017-06-11,44 ,12 
14 ,河源,0.6 ,30 ,,58 ,aqi,72 ,6 ,2017-06-12,30 ,12 
7 ,河源,0.7 ,14 ,,40 ,aqi,23 ,4 ,2017-06-13,20 ,12 
14 ,河源,0.8 ,26 ,,46 ,aqi,61 ,5 ,2017-06-14,26 ,17 
21 ,河源,0.9 ,42 ,,84 ,aqi,79 ,6 ,2017-06-15,42 ,20 
12 ,河源,0.8 ,18 ,,48 ,aqi,83 ,3 ,2017-06-16,24 ,18 
9 ,河源,0.8 ,19 ,,52 ,aqi,7 ,4 ,2017-06-17,26 ,15 
21 ,河源,1.1 ,35 ,,48 ,aqi,33 ,6 ,2017-06-18,35 ,22 
16 ,河源,1 ,28 ,,70 ,aqi,21 ,5 ,2017-06-19,35 ,22 
15 ,河源,1 ,32 ,,50 ,aqi,21 ,4 ,2017-06-20,32 ,23 
58 ,衡水,0.7 ,112 ,,186 ,aqi,248 ,14 ,2017-06-01,124 ,23 
41 ,衡水,0.6 ,149 ,,192 ,aqi,248 ,17 ,2017-06-02,130 ,27 
26 ,衡水,0.6 ,64 ,,154 ,aqi,156 ,11 ,2017-06-03,95 ,25 
34 ,衡水,0.6 ,94 ,,169 ,aqi,293 ,15 ,2017-06-04,109 ,31 
47 ,衡水,0.5 ,134 ,,110 ,aqi,330 ,16 ,2017-06-05,92 ,31 
31 ,衡水,0.4 ,42 ,,102 ,aqi,311 ,5 ,2017-06-06,52 ,20 
49 ,衡水,0.7 ,82 ,,185 ,aqi,233 ,13 ,2017-06-07,123 ,29 
48 ,衡水,0.6 ,125 ,,199 ,aqi,256 ,14 ,2017-06-08,136 ,25 
51 ,衡水,0.7 ,122 ,,204 ,aqi,296 ,19 ,2017-06-09,140 ,28 
61 ,衡水,0.6 ,192 ,,184 ,aqi,323 ,17 ,2017-06-10,122 ,33 
71 ,衡水,0.7 ,175 ,,228 ,aqi,299 ,23 ,2017-06-11,163 ,40 
99 ,衡水,0.9 ,201 ,,195 ,aqi,323 ,16 ,2017-06-12,132 ,37 
70 ,衡水,0.7 ,93 ,,153 ,aqi,293 ,12 ,2017-06-13,95 ,30 
87 ,衡水,0.8 ,138 ,,233 ,aqi,329 ,18 ,2017-06-14,168 ,34 
88 ,衡水,0.9 ,147 ,,229 ,aqi,270 ,18 ,2017-06-15,164 ,27 
68 ,衡水,0.6 ,134 ,,213 ,aqi,300 ,13 ,2017-06-16,149 ,24 
56 ,衡水,0.6 ,135 ,,203 ,aqi,246 ,15 ,2017-06-17,140 ,27 
46 ,衡水,0.6 ,116 ,,205 ,aqi,255 ,14 ,2017-06-18,141 ,20 
74 ,衡水,0.9 ,132 ,,252 ,aqi,310 ,21 ,2017-06-19,187 ,29 
74 ,衡水,0.9 ,149 ,,248 ,aqi,334 ,19 ,2017-06-20,183 ,27 
62 ,合肥,0.8 ,107 ,,203 ,aqi,246 ,9 ,2017-06-01,140 ,47 
88 ,合肥,1 ,133 ,,242 ,aqi,297 ,11 ,2017-06-02,177 ,34 
74 ,合肥,0.9 ,103 ,,264 ,aqi,314 ,11 ,2017-06-03,199 ,31 
30 ,合肥,0.7 ,79 ,,205 ,aqi,282 ,12 ,2017-06-04,141 ,37 
25 ,合肥,0.6 ,44 ,,101 ,aqi,295 ,10 ,2017-06-05,51 ,34 
19 ,合肥,0.6 ,25 ,,102 ,aqi,113 ,9 ,2017-06-06,52 ,28 
27 ,合肥,0.7 ,48 ,,163 ,aqi,64 ,10 ,2017-06-07,103 ,44 
42 ,合肥,0.9 ,60 ,,190 ,aqi,207 ,9 ,2017-06-08,128 ,35 
44 ,合肥,0.8 ,74 ,,127 ,aqi,188 ,10 ,2017-06-09,73 ,38 
18 ,合肥,0.7 ,30 ,,59 ,aqi,147 ,10 ,2017-06-10,34 ,27 
21 ,合肥,0.6 ,39 ,,134 ,aqi,66 ,9 ,2017-06-11,79 ,23 
23 ,合肥,0.6 ,38 ,,134 ,aqi,184 ,9 ,2017-06-12,79 ,23 
30 ,合肥,0.8 ,44 ,,99 ,aqi,171 ,10 ,2017-06-13,50 ,32 
44 ,合肥,0.9 ,62 ,,136 ,aqi,158 ,9 ,2017-06-14,80 ,42 
64 ,合肥,1 ,86 ,,195 ,aqi,291 ,11 ,2017-06-15,132 ,55 
62 ,合肥,0.8 ,90 ,,239 ,aqi,245 ,11 ,2017-06-16,174 ,59 
43 ,合肥,0.6 ,72 ,,178 ,aqi,210 ,11 ,2017-06-17,117 ,42 
39 ,合肥,0.6 ,65 ,,171 ,aqi,204 ,12 ,2017-06-18,110 ,40 
32 ,合肥,0.6 ,57 ,,105 ,aqi,240 ,10 ,2017-06-19,55 ,35 
43 ,合肥,0.7 ,71 ,,171 ,aqi,199 ,9 ,2017-06-20,110 ,42 
78 ,杭州,1.1 ,116 ,,128 ,aqi,312 ,10 ,2017-06-01,104 ,53 
50 ,杭州,0.8 ,75 ,,170 ,aqi,286 ,9 ,2017-06-02,110 ,30 
35 ,杭州,0.7 ,61 ,,185 ,aqi,170 ,12 ,2017-06-03,123 ,31 
16 ,杭州,0.6 ,40 ,,165 ,aqi,91 ,13 ,2017-06-04,105 ,24 
22 ,杭州,0.7 ,40 ,,100 ,aqi,147 ,10 ,2017-06-05,50 ,31 
25 ,杭州,0.8 ,40 ,,73 ,aqi,270 ,7 ,2017-06-06,42 ,33 
31 ,杭州,0.8 ,48 ,,151 ,aqi,102 ,8 ,2017-06-07,93 ,31 
63 ,杭州,1 ,90 ,,255 ,aqi,261 ,12 ,2017-06-08,190 ,45 
46 ,杭州,1 ,70 ,,72 ,aqi,323 ,8 ,2017-06-09,64 ,47 
22 ,杭州,0.8 ,34 ,,82 ,aqi,41 ,7 ,2017-06-10,43 ,34 
18 ,杭州,0.6 ,28 ,,82 ,aqi,133 ,6 ,2017-06-11,41 ,31 
10 ,杭州,0.6 ,16 ,,92 ,aqi,80 ,6 ,2017-06-12,46 ,24 
11 ,杭州,0.6 ,17 ,,87 ,aqi,96 ,6 ,2017-06-13,44 ,31 
23 ,杭州,0.6 ,36 ,,138 ,aqi,71 ,9 ,2017-06-14,82 ,32 
29 ,杭州,0.7 ,49 ,,159 ,aqi,137 ,11 ,2017-06-15,100 ,40 
36 ,杭州,0.7 ,53 ,,142 ,aqi,207 ,9 ,2017-06-16,85 ,36 
28 ,杭州,0.6 ,41 ,,160 ,aqi,59 ,9 ,2017-06-17,100 ,29 
23 ,杭州,0.6 ,36 ,,125 ,aqi,105 ,9 ,2017-06-18,71 ,26 
24 ,杭州,0.7 ,36 ,,67 ,aqi,44 ,8 ,2017-06-19,49 ,39 
35 ,杭州,0.8 ,49 ,,131 ,aqi,165 ,8 ,2017-06-20,76 ,37 
80 ,邯郸,1.4 ,154 ,,218 ,aqi,303 ,32 ,2017-06-01,153 ,48 
81 ,邯郸,1.1 ,185 ,,259 ,aqi,329 ,30 ,2017-06-02,194 ,46 
34 ,邯郸,0.8 ,74 ,,100 ,aqi,287 ,20 ,2017-06-03,62 ,40 
60 ,邯郸,1.7 ,134 ,,192 ,aqi,308 ,50 ,2017-06-04,130 ,60 
59 ,邯郸,1 ,106 ,,87 ,aqi,333 ,16 ,2017-06-05,80 ,41 
42 ,邯郸,0.6 ,62 ,,125 ,aqi,283 ,8 ,2017-06-06,71 ,26 
64 ,邯郸,1.1 ,118 ,,182 ,aqi,317 ,22 ,2017-06-07,120 ,46 
66 ,邯郸,1.1 ,143 ,,148 ,aqi,318 ,28 ,2017-06-08,97 ,51 
53 ,邯郸,1 ,130 ,,178 ,aqi,248 ,28 ,2017-06-09,117 ,62 
64 ,邯郸,1.1 ,206 ,,210 ,aqi,330 ,30 ,2017-06-10,146 ,46 
62 ,邯郸,1 ,183 ,,205 ,aqi,332 ,46 ,2017-06-11,141 ,59 
92 ,邯郸,0.9 ,210 ,,266 ,aqi,321 ,42 ,2017-06-12,201 ,46 
96 ,邯郸,1 ,137 ,,124 ,aqi,308 ,13 ,2017-06-13,127 ,37 
79 ,邯郸,1 ,124 ,,224 ,aqi,336 ,20 ,2017-06-14,159 ,37 
107 ,邯郸,1.3 ,178 ,,227 ,aqi,336 ,26 ,2017-06-15,162 ,48 
70 ,邯郸,0.8 ,128 ,,208 ,aqi,292 ,14 ,2017-06-16,144 ,36 
59 ,邯郸,0.8 ,114 ,,201 ,aqi,252 ,18 ,2017-06-17,138 ,38 
60 ,邯郸,0.8 ,115 ,,225 ,aqi,239 ,16 ,2017-06-18,160 ,30 
82 ,邯郸,2.2 ,149 ,,246 ,aqi,318 ,40 ,2017-06-19,181 ,58 
88 ,邯郸,1.4 ,153 ,,268 ,aqi,336 ,28 ,2017-06-20,201 ,40 
100 ,海门,1 ,127 ,,208 ,aqi,317 ,26 ,2017-06-01,144 ,31 
26 ,海门,0.4 ,40 ,,129 ,aqi,191 ,14 ,2017-06-02,75 ,6 
20 ,海门,0.4 ,34 ,,146 ,aqi,276 ,18 ,2017-06-03,89 ,10 
14 ,海门,0.4 ,30 ,,121 ,aqi,186 ,12 ,2017-06-04,68 ,6 
18 ,海门,0.4 ,31 ,,124 ,aqi,253 ,12 ,2017-06-05,70 ,7 
32 ,海门,0.6 ,40 ,,84 ,aqi,88 ,15 ,2017-06-06,46 ,17 
40 ,海门,0.6 ,50 ,,147 ,aqi,234 ,20 ,2017-06-07,90 ,18 
50 ,海门,0.7 ,58 ,,178 ,aqi,300 ,12 ,2017-06-08,117 ,14 
68 ,海门,1 ,78 ,,214 ,aqi,338 ,16 ,2017-06-09,150 ,27 
17 ,海门,0.6 ,32 ,,68 ,aqi,55 ,11 ,2017-06-10,34 ,21 
18 ,海门,0.5 ,26 ,,108 ,aqi,164 ,10 ,2017-06-11,57 ,5 
23 ,海门,0.4 ,30 ,,110 ,aqi,186 ,12 ,2017-06-12,59 ,10 
20 ,海门,0.4 ,27 ,,88 ,aqi,109 ,10 ,2017-06-13,44 ,10 
19 ,海门,0.4 ,29 ,,98 ,aqi,123 ,10 ,2017-06-14,49 ,6 
26 ,海门,0.5 ,38 ,,160 ,aqi,233 ,11 ,2017-06-15,100 ,13 
28 ,海门,0.4 ,40 ,,138 ,aqi,175 ,12 ,2017-06-16,82 ,18 
32 ,海门,0.4 ,41 ,,154 ,aqi,196 ,17 ,2017-06-17,95 ,10 
30 ,海门,0.4 ,40 ,,108 ,aqi,116 ,14 ,2017-06-18,57 ,12 
18 ,海门,0.4 ,24 ,,78 ,aqi,47 ,11 ,2017-06-19,39 ,12 
15 ,海门,0.4 ,20 ,,68 ,aqi,33 ,11 ,2017-06-20,34 ,8 
17 ,海口,0.6 ,39 ,,68 ,aqi,35 ,8 ,2017-06-01,39 ,17 
15 ,海口,0.4 ,36 ,,70 ,aqi,55 ,9 ,2017-06-02,36 ,13 
16 ,海口,0.5 ,38 ,,79 ,aqi,91 ,7 ,2017-06-03,40 ,14 
14 ,海口,0.5 ,32 ,,92 ,aqi,147 ,6 ,2017-06-04,46 ,14 
13 ,海口,0.5 ,35 ,,81 ,aqi,106 ,6 ,2017-06-05,41 ,14 
11 ,海口,0.5 ,24 ,,68 ,aqi,45 ,6 ,2017-06-06,34 ,7 
6 ,海口,0.5 ,18 ,,52 ,aqi,13 ,5 ,2017-06-07,26 ,6 
5 ,海口,0.6 ,15 ,,46 ,aqi,10 ,5 ,2017-06-08,23 ,8 
7 ,海口,0.6 ,18 ,,48 ,aqi,9 ,5 ,2017-06-09,24 ,14 
10 ,海口,0.6 ,19 ,,60 ,aqi,7 ,6 ,2017-06-10,30 ,10 
12 ,海口,0.6 ,23 ,,77 ,aqi,22 ,6 ,2017-06-11,39 ,11 
13 ,海口,0.6 ,28 ,,74 ,aqi,40 ,7 ,2017-06-12,37 ,14 
16 ,海口,0.7 ,38 ,,77 ,aqi,150 ,7 ,2017-06-13,39 ,19 
17 ,海口,0.6 ,40 ,,76 ,aqi,47 ,6 ,2017-06-14,40 ,12 
14 ,海口,0.6 ,36 ,,79 ,aqi,132 ,6 ,2017-06-15,40 ,15 
11 ,海口,0.6 ,32 ,,74 ,aqi,103 ,6 ,2017-06-16,37 ,16 
13 ,海口,0.6 ,32 ,,61 ,aqi,114 ,8 ,2017-06-17,32 ,22 
15 ,海口,0.6 ,32 ,,55 ,aqi,41 ,8 ,2017-06-18,32 ,18 
16 ,海口,0.6 ,34 ,,64 ,aqi,29 ,7 ,2017-06-19,34 ,18 
13 ,海口,0.6 ,32 ,,52 ,aqi,26 ,6 ,2017-06-20,32 ,18 
12 ,哈尔滨,0.5 ,32 ,,62 ,aqi,120 ,8 ,2017-06-01,33 ,26 
16 ,哈尔滨,0.6 ,33 ,,82 ,aqi,49 ,9 ,2017-06-02,41 ,28 
14 ,哈尔滨,0.7 ,24 ,,71 ,aqi,118 ,9 ,2017-06-03,40 ,32 
19 ,哈尔滨,0.8 ,35 ,,80 ,aqi,21 ,11 ,2017-06-04,55 ,44 
20 ,哈尔滨,0.8 ,39 ,,127 ,aqi,220 ,11 ,2017-06-05,73 ,38 
26 ,哈尔滨,0.7 ,93 ,,133 ,aqi,285 ,13 ,2017-06-06,78 ,37 
42 ,哈尔滨,0.7 ,44 ,,92 ,aqi,75 ,9 ,2017-06-07,59 ,35 
22 ,哈尔滨,0.7 ,35 ,,106 ,aqi,319 ,9 ,2017-06-08,55 ,35 
9 ,哈尔滨,0.7 ,25 ,,72 ,aqi,107 ,8 ,2017-06-09,43 ,34 
14 ,哈尔滨,0.7 ,25 ,,42 ,aqi,21 ,8 ,2017-06-10,34 ,27 
20 ,哈尔滨,0.8 ,40 ,,58 ,aqi,160 ,10 ,2017-06-11,47 ,37 
22 ,哈尔滨,0.8 ,52 ,,90 ,aqi,172 ,11 ,2017-06-12,63 ,50 
20 ,哈尔滨,0.6 ,51 ,,123 ,aqi,258 ,10 ,2017-06-13,70 ,42 
22 ,哈尔滨,0.5 ,57 ,,107 ,aqi,207 ,10 ,2017-06-14,56 ,40 
16 ,哈尔滨,0.4 ,35 ,,93 ,aqi,60 ,8 ,2017-06-15,47 ,32 
23 ,哈尔滨,0.5 ,54 ,,121 ,aqi,155 ,10 ,2017-06-16,68 ,42 
34 ,哈尔滨,0.8 ,58 ,,127 ,aqi,194 ,10 ,2017-06-17,73 ,53 
31 ,哈尔滨,0.8 ,47 ,,168 ,aqi,148 ,10 ,2017-06-18,108 ,39 
23 ,哈尔滨,0.8 ,36 ,,171 ,aqi,32 ,10 ,2017-06-19,110 ,30 
29 ,哈尔滨,0.8 ,33 ,,95 ,aqi,100 ,10 ,2017-06-20,50 ,40 
27 ,贵阳,0.6 ,43 ,,115 ,aqi,112 ,6 ,2017-06-01,63 ,15 
35 ,贵阳,0.6 ,58 ,,159 ,aqi,146 ,12 ,2017-06-02,100 ,19 
23 ,贵阳,0.6 ,33 ,,54 ,aqi,167 ,4 ,2017-06-03,33 ,20 
24 ,贵阳,0.7 ,36 ,,82 ,aqi,30 ,5 ,2017-06-04,41 ,23 
10 ,贵阳,0.6 ,20 ,,108 ,aqi,149 ,7 ,2017-06-05,57 ,18 
23 ,贵阳,0.7 ,44 ,,115 ,aqi,189 ,7 ,2017-06-06,63 ,32 
22 ,贵阳,0.6 ,45 ,,133 ,aqi,146 ,9 ,2017-06-07,78 ,31 
9 ,贵阳,0.5 ,22 ,,63 ,aqi,82 ,5 ,2017-06-08,32 ,15 
7 ,贵阳,0.4 ,20 ,,58 ,aqi,14 ,5 ,2017-06-09,29 ,14 
17 ,贵阳,0.6 ,29 ,,57 ,aqi,25 ,7 ,2017-06-10,29 ,21 
19 ,贵阳,0.7 ,31 ,,55 ,aqi,130 ,7 ,2017-06-11,31 ,24 
17 ,贵阳,0.6 ,26 ,,57 ,aqi,87 ,7 ,2017-06-12,30 ,24 
21 ,贵阳,0.7 ,31 ,,44 ,aqi,120 ,6 ,2017-06-13,31 ,21 
14 ,贵阳,0.7 ,24 ,,37 ,aqi,16 ,4 ,2017-06-14,24 ,19 
15 ,贵阳,0.6 ,24 ,,45 ,aqi,56 ,5 ,2017-06-15,24 ,19 
15 ,贵阳,0.7 ,25 ,,50 ,aqi,29 ,6 ,2017-06-16,28 ,22 
22 ,贵阳,0.7 ,37 ,,72 ,aqi,96 ,9 ,2017-06-17,37 ,23 
25 ,贵阳,0.6 ,45 ,,74 ,aqi,92 ,7 ,2017-06-18,45 ,27 
37 ,贵阳,0.8 ,55 ,,45 ,aqi,163 ,6 ,2017-06-19,53 ,34 
35 ,贵阳,0.8 ,54 ,,82 ,aqi,205 ,9 ,2017-06-20,52 ,30 
35 ,桂林,0.6 ,54 ,,59 ,aqi,157 ,10 ,2017-06-01,52 ,22 
15 ,桂林,0.5 ,31 ,,72 ,aqi,46 ,11 ,2017-06-02,36 ,18 
26 ,桂林,0.6 ,40 ,,41 ,aqi,102 ,15 ,2017-06-03,40 ,25 
30 ,桂林,0.6 ,49 ,,62 ,aqi,40 ,14 ,2017-06-04,49 ,25 
33 ,桂林,0.6 ,60 ,,74 ,aqi,239 ,8 ,2017-06-05,55 ,21 
13 ,桂林,0.6 ,18 ,,66 ,aqi,23 ,5 ,2017-06-06,33 ,20 
34 ,桂林,0.9 ,53 ,,68 ,aqi,22 ,17 ,2017-06-07,52 ,29 
37 ,桂林,1.1 ,58 ,,87 ,aqi,250 ,8 ,2017-06-08,54 ,28 
18 ,桂林,0.7 ,30 ,,46 ,aqi,72 ,11 ,2017-06-09,30 ,19 
15 ,桂林,0.7 ,28 ,,51 ,aqi,24 ,8 ,2017-06-10,28 ,16 
24 ,桂林,0.8 ,43 ,,66 ,aqi,112 ,9 ,2017-06-11,43 ,18 
25 ,桂林,0.7 ,43 ,,97 ,aqi,174 ,12 ,2017-06-12,49 ,22 
31 ,桂林,0.7 ,45 ,,61 ,aqi,172 ,11 ,2017-06-13,45 ,20 
12 ,桂林,0.7 ,17 ,,67 ,aqi,89 ,8 ,2017-06-14,34 ,16 
14 ,桂林,0.8 ,20 ,,65 ,aqi,41 ,7 ,2017-06-15,33 ,20 
8 ,桂林,0.7 ,13 ,,71 ,aqi,10 ,5 ,2017-06-16,36 ,15 
19 ,桂林,0.7 ,32 ,,85 ,aqi,43 ,8 ,2017-06-17,43 ,19 
40 ,桂林,0.8 ,57 ,,112 ,aqi,120 ,15 ,2017-06-18,60 ,26 
42 ,桂林,0.8 ,59 ,,112 ,aqi,189 ,13 ,2017-06-19,60 ,26 
35 ,桂林,0.8 ,53 ,,48 ,aqi,215 ,13 ,2017-06-20,52 ,25 
28 ,遵义,0.5 ,44 ,,70 ,aqi,182 ,4 ,2017-06-01,44 ,21 
30 ,遵义,0.6 ,64 ,,98 ,aqi,224 ,6 ,2017-06-02,57 ,32 
34 ,遵义,0.6 ,65 ,,66 ,aqi,200 ,6 ,2017-06-03,58 ,38 
25 ,遵义,0.7 ,44 ,,36 ,aqi,277 ,4 ,2017-06-04,44 ,28 
13 ,遵义,0.5 ,32 ,,102 ,aqi,31 ,6 ,2017-06-05,52 ,22 
21 ,遵义,0.6 ,50 ,,124 ,aqi,326 ,9 ,2017-06-06,70 ,36 
21 ,遵义,0.6 ,50 ,,123 ,aqi,309 ,8 ,2017-06-07,70 ,29 
14 ,遵义,0.5 ,34 ,,74 ,aqi,110 ,6 ,2017-06-08,37 ,17 
14 ,遵义,0.4 ,32 ,,74 ,aqi,66 ,6 ,2017-06-09,37 ,16 
10 ,遵义,0.5 ,20 ,,70 ,aqi,66 ,7 ,2017-06-10,35 ,17 
17 ,遵义,0.6 ,36 ,,44 ,aqi,56 ,5 ,2017-06-11,36 ,26 
12 ,遵义,0.5 ,22 ,,58 ,aqi,125 ,3 ,2017-06-12,29 ,19 
19 ,遵义,0.7 ,33 ,,38 ,aqi,73 ,4 ,2017-06-13,37 ,29 
13 ,遵义,0.6 ,22 ,,47 ,aqi,97 ,3 ,2017-06-14,25 ,20 
10 ,遵义,0.6 ,18 ,,50 ,aqi,33 ,4 ,2017-06-15,33 ,26 
12 ,遵义,0.6 ,22 ,,43 ,aqi,30 ,4 ,2017-06-16,28 ,22 
18 ,遵义,0.8 ,46 ,,52 ,aqi,122 ,6 ,2017-06-17,46 ,31 
29 ,遵义,0.7 ,53 ,,64 ,aqi,185 ,6 ,2017-06-18,52 ,34 
26 ,遵义,0.6 ,46 ,,44 ,aqi,186 ,4 ,2017-06-19,46 ,34 
21 ,遵义,0.6 ,46 ,,87 ,aqi,183 ,6 ,2017-06-20,46 ,28 
34 ,遵义,0.7 ,53 ,,64 ,aqi,186 ,5 ,2017-05-01,52 ,28 
36 ,遵义,0.8 ,62 ,,82 ,aqi,153 ,6 ,2017-05-02,56 ,22 
28 ,遵义,0.6 ,48 ,,88 ,aqi,190 ,4 ,2017-05-03,48 ,15 
15 ,遵义,0.5 ,28 ,,120 ,aqi,47 ,5 ,2017-05-04,67 ,18 
25 ,遵义,0.6 ,56 ,,83 ,aqi,136 ,7 ,2017-05-05,53 ,34 
16 ,遵义,0.4 ,28 ,,63 ,aqi,75 ,4 ,2017-05-06,32 ,16 
17 ,遵义,0.6 ,26 ,,42 ,aqi,21 ,4 ,2017-05-07,30 ,24 
26 ,遵义,0.6 ,52 ,,106 ,aqi,58 ,6 ,2017-05-08,55 ,23 
30 ,遵义,0.6 ,58 ,,105 ,aqi,242 ,7 ,2017-05-09,55 ,27 
23 ,遵义,0.6 ,40 ,,62 ,aqi,133 ,4 ,2017-05-10,40 ,23 
23 ,遵义,0.5 ,36 ,,80 ,aqi,74 ,4 ,2017-05-11,40 ,17 
20 ,遵义,0.6 ,46 ,,106 ,aqi,47 ,6 ,2017-05-12,55 ,24 
30 ,遵义,0.7 ,66 ,,129 ,aqi,251 ,10 ,2017-05-13,75 ,31 
40 ,遵义,0.6 ,65 ,,74 ,aqi,167 ,6 ,2017-05-14,58 ,28 
31 ,遵义,0.6 ,54 ,,95 ,aqi,176 ,5 ,2017-05-15,52 ,22 
29 ,遵义,0.5 ,53 ,,111 ,aqi,267 ,6 ,2017-05-16,60 ,26 
37 ,遵义,0.6 ,66 ,,124 ,aqi,250 ,7 ,2017-05-17,70 ,29 
41 ,遵义,0.6 ,65 ,,104 ,aqi,298 ,7 ,2017-05-18,58 ,23 
32 ,遵义,0.6 ,53 ,,89 ,aqi,164 ,8 ,2017-05-19,52 ,17 
20 ,遵义,0.8 ,34 ,,68 ,aqi,152 ,5 ,2017-05-20,34 ,14 
16 ,遵义,0.7 ,26 ,,45 ,aqi,76 ,5 ,2017-05-21,26 ,19 
20 ,遵义,0.8 ,36 ,,27 ,aqi,61 ,5 ,2017-05-22,36 ,26 
15 ,遵义,0.4 ,29 ,,69 ,aqi,194 ,4 ,2017-05-23,35 ,16 
18 ,遵义,0.5 ,28 ,,65 ,aqi,117 ,3 ,2017-05-24,33 ,21 
15 ,遵义,0.4 ,30 ,,92 ,aqi,74 ,5 ,2017-05-25,46 ,23 
28 ,遵义,0.6 ,56 ,,114 ,aqi,192 ,7 ,2017-05-26,62 ,37 
28 ,遵义,0.6 ,68 ,,121 ,aqi,281 ,8 ,2017-05-27,68 ,41 
27 ,遵义,0.6 ,63 ,,128 ,aqi,277 ,8 ,2017-05-28,74 ,38 
33 ,遵义,0.6 ,84 ,,135 ,aqi,137 ,13 ,2017-05-29,80 ,37 
49 ,遵义,0.8 ,94 ,,121 ,aqi,240 ,13 ,2017-05-30,72 ,39 
50 ,遵义,0.7 ,80 ,,80 ,aqi,250 ,8 ,2017-05-31,69 ,28 
34 ,遵义,0.7 ,74 ,,131 ,aqi,164 ,20 ,2017-04-01,76 ,37 
38 ,遵义,0.6 ,83 ,,99 ,aqi,119 ,20 ,2017-04-02,67 ,35 
44 ,遵义,0.7 ,84 ,,99 ,aqi,83 ,17 ,2017-04-03,67 ,33 
43 ,遵义,0.8 ,73 ,,96 ,aqi,184 ,11 ,2017-04-04,62 ,28 
44 ,遵义,0.7 ,77 ,,106 ,aqi,159 ,12 ,2017-04-05,64 ,31 
46 ,遵义,0.6 ,64 ,,120 ,aqi,145 ,12 ,2017-04-06,67 ,26 
37 ,遵义,0.6 ,64 ,,110 ,aqi,140 ,12 ,2017-04-07,59 ,24 
48 ,遵义,0.7 ,79 ,,118 ,aqi,200 ,10 ,2017-04-08,67 ,26 
46 ,遵义,0.8 ,76 ,,100 ,aqi,275 ,8 ,2017-04-09,64 ,24 
16 ,遵义,0.8 ,35 ,,56 ,aqi,158 ,5 ,2017-04-10,35 ,23 
18 ,遵义,0.8 ,36 ,,46 ,aqi,162 ,4 ,2017-04-11,36 ,26 
21 ,遵义,0.6 ,38 ,,90 ,aqi,131 ,7 ,2017-04-12,45 ,26 
31 ,遵义,0.8 ,66 ,,132 ,aqi,175 ,15 ,2017-04-13,77 ,38 
43 ,遵义,1 ,92 ,,153 ,aqi,252 ,13 ,2017-04-14,95 ,40 
62 ,遵义,1 ,105 ,,101 ,aqi,187 ,10 ,2017-04-15,84 ,36 
52 ,遵义,0.8 ,83 ,,101 ,aqi,232 ,7 ,2017-04-16,72 ,22 
21 ,遵义,0.5 ,54 ,,106 ,aqi,34 ,6 ,2017-04-17,55 ,21 
44 ,遵义,0.8 ,120 ,,90 ,aqi,246 ,16 ,2017-04-18,85 ,47 
42 ,遵义,0.8 ,96 ,,119 ,aqi,255 ,14 ,2017-04-19,73 ,42 
46 ,遵义,0.7 ,87 ,,102 ,aqi,307 ,10 ,2017-04-20,69 ,34 
16 ,遵义,0.4 ,35 ,,91 ,aqi,93 ,5 ,2017-04-21,46 ,25 
19 ,遵义,0.6 ,50 ,,110 ,aqi,113 ,8 ,2017-04-22,59 ,25 
31 ,遵义,0.6 ,80 ,,91 ,aqi,121 ,18 ,2017-04-23,65 ,36 
38 ,遵义,0.8 ,82 ,,39 ,aqi,159 ,10 ,2017-04-24,66 ,39 
17 ,遵义,0.7 ,26 ,,50 ,aqi,96 ,10 ,2017-04-25,30 ,24 
14 ,遵义,0.6 ,22 ,,59 ,aqi,66 ,4 ,2017-04-26,33 ,26 
18 ,遵义,0.6 ,28 ,,82 ,aqi,21 ,4 ,2017-04-27,41 ,27 
30 ,遵义,0.6 ,50 ,,66 ,aqi,89 ,6 ,2017-04-28,50 ,33 
36 ,遵义,0.7 ,62 ,,97 ,aqi,142 ,10 ,2017-04-29,56 ,36 
49 ,遵义,0.8 ,83 ,,98 ,aqi,161 ,10 ,2017-04-30,68 ,34 
57 ,遵义,0.6 ,92 ,,98 ,aqi,284 ,26 ,2017-03-01,78 ,37 
56 ,遵义,0.7 ,111 ,,80 ,aqi,284 ,27 ,2017-03-02,81 ,39 
46 ,遵义,0.6 ,98 ,,81 ,aqi,158 ,26 ,2017-03-03,74 ,35 
82 ,遵义,0.9 ,124 ,,72 ,aqi,150 ,26 ,2017-03-04,109 ,39 
70 ,遵义,0.7 ,104 ,,28 ,aqi,298 ,17 ,2017-03-05,94 ,44 
30 ,遵义,0.4 ,49 ,,68 ,aqi,279 ,11 ,2017-03-06,49 ,30 
49 ,遵义,0.7 ,67 ,,54 ,aqi,189 ,11 ,2017-03-07,68 ,37 
47 ,遵义,0.6 ,64 ,,84 ,aqi,208 ,13 ,2017-03-08,65 ,30 
41 ,遵义,0.7 ,61 ,,52 ,aqi,70 ,16 ,2017-03-09,58 ,38 
29 ,遵义,0.6 ,41 ,,44 ,aqi,106 ,11 ,2017-03-10,42 ,30 
38 ,遵义,0.8 ,56 ,,54 ,aqi,116 ,11 ,2017-03-11,54 ,32 
17 ,遵义,0.9 ,26 ,,34 ,aqi,112 ,9 ,2017-03-12,44 ,35 
12 ,遵义,0.7 ,20 ,,49 ,aqi,4 ,10 ,2017-03-13,35 ,28 
16 ,遵义,0.6 ,26 ,,60 ,aqi,63 ,8 ,2017-03-14,30 ,21 
13 ,遵义,0.6 ,28 ,,61 ,aqi,51 ,9 ,2017-03-15,33 ,26 
27 ,遵义,0.7 ,45 ,,40 ,aqi,45 ,12 ,2017-03-16,45 ,29 
21 ,遵义,0.7 ,33 ,,42 ,aqi,49 ,10 ,2017-03-17,38 ,30 
30 ,遵义,0.7 ,47 ,,48 ,aqi,100 ,11 ,2017-03-18,47 ,27 
10 ,遵义,0.7 ,20 ,,41 ,aqi,34 ,9 ,2017-03-19,33 ,26 
27 ,遵义,0.8 ,52 ,,63 ,aqi,30 ,19 ,2017-03-20,51 ,33 
18 ,遵义,0.7 ,29 ,,58 ,aqi,90 ,10 ,2017-03-21,30 ,24 
16 ,遵义,0.7 ,28 ,,58 ,aqi,4 ,10 ,2017-03-22,29 ,23 
18 ,遵义,0.8 ,30 ,,45 ,aqi,63 ,9 ,2017-03-23,30 ,24 
12 ,遵义,0.7 ,22 ,,33 ,aqi,13 ,8 ,2017-03-24,35 ,28 
21 ,遵义,0.5 ,46 ,,74 ,aqi,35 ,12 ,2017-03-25,46 ,32 
31 ,遵义,0.6 ,82 ,,96 ,aqi,191 ,22 ,2017-03-26,66 ,34 
41 ,遵义,0.8 ,108 ,,82 ,aqi,298 ,26 ,2017-03-27,79 ,44 
50 ,遵义,1 ,111 ,,61 ,aqi,209 ,26 ,2017-03-28,81 ,44 
47 ,遵义,0.8 ,93 ,,52 ,aqi,237 ,15 ,2017-03-29,72 ,35 
22 ,遵义,0.7 ,34 ,,73 ,aqi,91 ,9 ,2017-03-30,37 ,25 
19 ,遵义,0.6 ,36 ,,107 ,aqi,34 ,11 ,2017-03-31,56 ,26 
44 ,遵义,1 ,54 ,,44 ,aqi,163 ,8 ,2017-02-01,62 ,14 
12 ,遵义,0.8 ,16 ,,42 ,aqi,3 ,8 ,2017-02-02,21 ,12 
20 ,遵义,1.1 ,32 ,,26 ,aqi,7 ,15 ,2017-02-03,32 ,19 
40 ,遵义,1.2 ,61 ,,62 ,aqi,74 ,37 ,2017-02-04,57 ,30 
48 ,遵义,1.1 ,69 ,,65 ,aqi,131 ,28 ,2017-02-05,67 ,28 
35 ,遵义,0.8 ,46 ,,47 ,aqi,77 ,18 ,2017-02-06,50 ,23 
10 ,遵义,1 ,15 ,,35 ,aqi,3 ,8 ,2017-02-07,28 ,22 
19 ,遵义,0.9 ,28 ,,58 ,aqi,13 ,10 ,2017-02-08,29 ,16 
34 ,遵义,1 ,48 ,,49 ,aqi,101 ,13 ,2017-02-09,49 ,20 
47 ,遵义,0.8 ,64 ,,57 ,aqi,128 ,18 ,2017-02-10,65 ,19 
45 ,遵义,0.7 ,62 ,,87 ,aqi,252 ,27 ,2017-02-11,63 ,29 
58 ,遵义,1.1 ,93 ,,88 ,aqi,108 ,51 ,2017-02-12,79 ,46 
66 ,遵义,1 ,104 ,,61 ,aqi,237 ,44 ,2017-02-13,89 ,48 
79 ,遵义,0.9 ,110 ,,46 ,aqi,116 ,44 ,2017-02-14,105 ,48 
96 ,遵义,1 ,141 ,,32 ,aqi,214 ,31 ,2017-02-15,127 ,55 
122 ,遵义,1.4 ,167 ,,78 ,aqi,272 ,36 ,2017-02-16,160 ,56 
120 ,遵义,1.2 ,166 ,,56 ,aqi,305 ,35 ,2017-02-17,158 ,47 
95 ,遵义,1.1 ,122 ,,51 ,aqi,290 ,20 ,2017-02-18,125 ,39 
87 ,遵义,1.1 ,118 ,,104 ,aqi,207 ,27 ,2017-02-19,115 ,36 
57 ,遵义,0.8 ,90 ,,64 ,aqi,148 ,24 ,2017-02-20,78 ,39 
37 ,遵义,0.8 ,54 ,,62 ,aqi,171 ,10 ,2017-02-21,53 ,26 
17 ,遵义,0.4 ,26 ,,64 ,aqi,97 ,4 ,2017-02-22,32 ,21 
18 ,遵义,0.5 ,30 ,,58 ,aqi,44 ,7 ,2017-02-23,32 ,25 
26 ,遵义,0.6 ,39 ,,59 ,aqi,74 ,13 ,2017-02-24,39 ,31 
26 ,遵义,0.6 ,38 ,,43 ,aqi,114 ,14 ,2017-02-25,38 ,30 
27 ,遵义,0.7 ,45 ,,64 ,aqi,76 ,18 ,2017-02-26,45 ,35 
34 ,遵义,0.6 ,51 ,,59 ,aqi,44 ,16 ,2017-02-27,51 ,36 
54 ,遵义,0.9 ,90 ,,56 ,aqi,85 ,36 ,2017-02-28,74 ,43 
87 ,遵义,1.1 ,134 ,,78 ,aqi,141 ,32 ,2017-01-01,115 ,44 
69 ,遵义,1.1 ,104 ,,42 ,aqi,104 ,26 ,2017-01-02,93 ,42 
78 ,遵义,1.1 ,106 ,,22 ,aqi,109 ,12 ,2017-01-03,104 ,38 
70 ,遵义,1.4 ,110 ,,17 ,aqi,106 ,30 ,2017-01-04,94 ,40 
77 ,遵义,1.2 ,113 ,,37 ,aqi,184 ,27 ,2017-01-05,103 ,39 
62 ,遵义,1.1 ,88 ,,27 ,aqi,207 ,12 ,2017-01-06,84 ,26 
45 ,遵义,1.2 ,67 ,,45 ,aqi,161 ,16 ,2017-01-07,63 ,32 
25 ,遵义,1.1 ,39 ,,38 ,aqi,22 ,9 ,2017-01-08,39 ,24 
19 ,遵义,0.9 ,28 ,,42 ,aqi,4 ,8 ,2017-01-09,30 ,24 
20 ,遵义,1 ,33 ,,39 ,aqi,16 ,9 ,2017-01-10,33 ,24 
15 ,遵义,0.8 ,27 ,,51 ,aqi,13 ,10 ,2017-01-11,29 ,23 
20 ,遵义,0.7 ,28 ,,50 ,aqi,12 ,9 ,2017-01-12,29 ,19 
36 ,遵义,0.8 ,58 ,,56 ,aqi,118 ,22 ,2017-01-13,54 ,30 
25 ,遵义,0.8 ,38 ,,35 ,aqi,36 ,10 ,2017-01-14,38 ,24 
47 ,遵义,0.6 ,66 ,,60 ,aqi,176 ,18 ,2017-01-15,65 ,27 
52 ,遵义,0.8 ,70 ,,61 ,aqi,159 ,12 ,2017-01-16,72 ,27 
68 ,遵义,0.8 ,90 ,,54 ,aqi,186 ,14 ,2017-01-17,92 ,30 
28 ,遵义,0.8 ,36 ,,55 ,aqi,28 ,11 ,2017-01-18,40 ,30 
40 ,遵义,0.8 ,60 ,,43 ,aqi,92 ,18 ,2017-01-19,57 ,38 
70 ,遵义,0.8 ,94 ,,80 ,aqi,288 ,17 ,2017-01-20,94 ,27 
84 ,遵义,1 ,113 ,,84 ,aqi,318 ,22 ,2017-01-21,112 ,36 
84 ,遵义,1.2 ,122 ,,60 ,aqi,276 ,39 ,2017-01-22,112 ,48 
69 ,遵义,1 ,100 ,,72 ,aqi,203 ,40 ,2017-01-23,93 ,40 
55 ,遵义,0.7 ,84 ,,83 ,aqi,146 ,26 ,2017-01-24,75 ,26 
71 ,遵义,1 ,99 ,,64 ,aqi,144 ,28 ,2017-01-25,95 ,37 
71 ,遵义,1 ,96 ,,66 ,aqi,145 ,24 ,2017-01-26,95 ,29 
45 ,遵义,1 ,55 ,,48 ,aqi,82 ,11 ,2017-01-27,63 ,18 
97 ,遵义,1 ,125 ,,76 ,aqi,182 ,20 ,2017-01-28,128 ,19 
38 ,遵义,0.8 ,47 ,,66 ,aqi,75 ,12 ,2017-01-29,54 ,18 
50 ,遵义,0.8 ,77 ,,72 ,aqi,223 ,14 ,2017-01-30,69 ,18 
80 ,遵义,0.9 ,106 ,,74 ,aqi,322 ,10 ,2017-01-31,107 ,17 
41 ,遵义,0.8 ,75 ,,17 ,aqi,111 ,14 ,2016-12-01,63 ,36 
32 ,遵义,0.6 ,59 ,,45 ,aqi,59 ,12 ,2016-12-02,55 ,32 
46 ,遵义,0.9 ,84 ,,36 ,aqi,74 ,17 ,2016-12-03,67 ,39 
55 ,遵义,1.1 ,102 ,,28 ,aqi,91 ,24 ,2016-12-04,76 ,44 
72 ,遵义,1 ,118 ,,54 ,aqi,191 ,20 ,2016-12-05,97 ,36 
62 ,遵义,1 ,107 ,,89 ,aqi,178 ,22 ,2016-12-06,84 ,45 
92 ,遵义,1.2 ,153 ,,50 ,aqi,221 ,36 ,2016-12-07,122 ,62 
122 ,遵义,1.4 ,180 ,,44 ,aqi,276 ,28 ,2016-12-08,160 ,59 
102 ,遵义,1.3 ,155 ,,68 ,aqi,278 ,32 ,2016-12-09,134 ,57 
68 ,遵义,1 ,101 ,,42 ,aqi,178 ,17 ,2016-12-10,92 ,39 
119 ,遵义,1 ,160 ,,97 ,aqi,311 ,15 ,2016-12-11,156 ,36 
122 ,遵义,1 ,181 ,,56 ,aqi,311 ,18 ,2016-12-12,160 ,43 
111 ,遵义,1.2 ,168 ,,42 ,aqi,328 ,21 ,2016-12-13,145 ,35 
32 ,遵义,0.8 ,47 ,,46 ,aqi,86 ,9 ,2016-12-14,47 ,28 
63 ,遵义,0.8 ,92 ,,50 ,aqi,203 ,12 ,2016-12-15,85 ,33 
76 ,遵义,1 ,114 ,,78 ,aqi,207 ,26 ,2016-12-16,102 ,46 
60 ,遵义,0.8 ,103 ,,65 ,aqi,100 ,30 ,2016-12-17,82 ,48 
84 ,遵义,1 ,137 ,,36 ,aqi,174 ,35 ,2016-12-18,112 ,58 
74 ,遵义,1 ,104 ,,27 ,aqi,110 ,12 ,2016-12-19,99 ,45 
22 ,遵义,0.9 ,39 ,,26 ,aqi,19 ,9 ,2016-12-20,43 ,34 
53 ,遵义,0.9 ,78 ,,54 ,aqi,147 ,12 ,2016-12-21,73 ,32 
80 ,遵义,1.2 ,113 ,,58 ,aqi,272 ,25 ,2016-12-22,107 ,41 
38 ,遵义,1 ,61 ,,37 ,aqi,83 ,13 ,2016-12-23,56 ,34 
15 ,遵义,1 ,29 ,,42 ,aqi,3 ,8 ,2016-12-24,32 ,25 
14 ,遵义,1 ,29 ,,32 ,aqi,14 ,8 ,2016-12-25,34 ,27 
23 ,遵义,0.9 ,40 ,,34 ,aqi,57 ,12 ,2016-12-26,40 ,26 
32 ,遵义,0.9 ,58 ,,42 ,aqi,147 ,16 ,2016-12-27,54 ,28 
40 ,遵义,0.8 ,74 ,,47 ,aqi,114 ,19 ,2016-12-28,62 ,40 
38 ,遵义,0.8 ,74 ,,72 ,aqi,96 ,26 ,2016-12-29,62 ,38 
48 ,遵义,0.8 ,86 ,,75 ,aqi,84 ,22 ,2016-12-30,68 ,35 
74 ,遵义,1 ,119 ,,42 ,aqi,116 ,28 ,2016-12-31,99 ,48 
18 ,遵义,0.8 ,34 ,,35 ,aqi,40 ,4 ,2016-11-01,34 ,23 
38 ,遵义,1 ,60 ,,24 ,aqi,129 ,7 ,2016-11-02,55 ,29 
42 ,遵义,1.2 ,86 ,,25 ,aqi,151 ,16 ,2016-11-03,68 ,34 
52 ,遵义,1.2 ,104 ,,52 ,aqi,154 ,20 ,2016-11-04,77 ,41 
57 ,遵义,1 ,108 ,,23 ,aqi,110 ,14 ,2016-11-05,79 ,42 
52 ,遵义,0.8 ,80 ,,36 ,aqi,98 ,7 ,2016-11-06,72 ,33 
17 ,遵义,0.6 ,28 ,,49 ,aqi,15 ,3 ,2016-11-07,28 ,18 
9 ,遵义,0.5 ,16 ,,46 ,aqi,6 ,4 ,2016-11-08,23 ,18 
12 ,遵义,0.6 ,20 ,,35 ,aqi,77 ,5 ,2016-11-09,35 ,28 
19 ,遵义,0.8 ,47 ,,42 ,aqi,111 ,11 ,2016-11-10,47 ,31 
43 ,遵义,1.1 ,90 ,,22 ,aqi,214 ,16 ,2016-11-11,70 ,42 
38 ,遵义,0.8 ,72 ,,26 ,aqi,89 ,11 ,2016-11-12,61 ,36 
27 ,遵义,0.8 ,56 ,,22 ,aqi,55 ,10 ,2016-11-13,53 ,28 
33 ,遵义,0.8 ,60 ,,49 ,aqi,64 ,12 ,2016-11-14,55 ,31 
48 ,遵义,1 ,90 ,,15 ,aqi,137 ,17 ,2016-11-15,70 ,42 
35 ,遵义,0.9 ,68 ,,18 ,aqi,90 ,10 ,2016-11-16,59 ,31 
27 ,遵义,0.9 ,60 ,,22 ,aqi,76 ,8 ,2016-11-17,55 ,31 
38 ,遵义,1.2 ,84 ,,38 ,aqi,104 ,12 ,2016-11-18,67 ,39 
69 ,遵义,1 ,119 ,,53 ,aqi,217 ,14 ,2016-11-19,93 ,40 
68 ,遵义,0.9 ,118 ,,48 ,aqi,261 ,12 ,2016-11-20,92 ,36 
38 ,遵义,0.8 ,74 ,,55 ,aqi,208 ,6 ,2016-11-21,62 ,27 
34 ,遵义,0.8 ,56 ,,40 ,aqi,267 ,5 ,2016-11-22,53 ,23 
12 ,遵义,0.5 ,24 ,,23 ,aqi,30 ,4 ,2016-11-23,24 ,19 
18 ,遵义,0.6 ,32 ,,28 ,aqi,42 ,5 ,2016-11-24,32 ,19 
23 ,遵义,0.8 ,37 ,,19 ,aqi,45 ,8 ,2016-11-25,37 ,27 
20 ,遵义,0.8 ,37 ,,54 ,aqi,51 ,11 ,2016-11-26,37 ,24 
46 ,遵义,1.1 ,86 ,,52 ,aqi,120 ,22 ,2016-11-27,68 ,41 
34 ,遵义,0.7 ,76 ,,70 ,aqi,88 ,18 ,2016-11-28,63 ,38 
34 ,遵义,0.7 ,57 ,,48 ,aqi,47 ,10 ,2016-11-29,54 ,39 
39 ,遵义,0.8 ,61 ,,36 ,aqi,60 ,11 ,2016-11-30,56 ,31 
48 ,遵义,0.5 ,82 ,,42 ,aqi,218 ,3 ,2016-10-01,67 ,30 
62 ,遵义,0.6 ,105 ,,89 ,aqi,285 ,4 ,2016-10-02,84 ,34 
60 ,遵义,0.6 ,106 ,,107 ,aqi,267 ,6 ,2016-10-03,82 ,36 
55 ,遵义,0.5 ,98 ,,116 ,aqi,257 ,8 ,2016-10-04,75 ,43 
51 ,遵义,0.4 ,92 ,,125 ,aqi,230 ,6 ,2016-10-05,71 ,38 
62 ,遵义,0.5 ,112 ,,143 ,aqi,307 ,7 ,2016-10-06,86 ,39 
85 ,遵义,0.6 ,125 ,,104 ,aqi,355 ,6 ,2016-10-07,113 ,34 
50 ,遵义,0.6 ,71 ,,52 ,aqi,291 ,2 ,2016-10-08,69 ,26 
50 ,遵义,0.5 ,83 ,,91 ,aqi,274 ,4 ,2016-10-09,69 ,31 
51 ,遵义,0.6 ,78 ,,72 ,aqi,259 ,2 ,2016-10-10,70 ,27 
53 ,遵义,0.6 ,77 ,,72 ,aqi,274 ,3 ,2016-10-11,73 ,27 
56 ,遵义,0.7 ,87 ,,34 ,aqi,259 ,4 ,2016-10-12,77 ,36 
44 ,遵义,0.9 ,76 ,,34 ,aqi,179 ,3 ,2016-10-13,63 ,36 
45 ,遵义,0.8 ,76 ,,39 ,aqi,174 ,4 ,2016-10-14,63 ,28 
52 ,遵义,0.8 ,84 ,,38 ,aqi,228 ,5 ,2016-10-15,72 ,32 
29 ,遵义,0.8 ,50 ,,10 ,aqi,71 ,4 ,2016-10-16,50 ,26 
25 ,遵义,1 ,42 ,,22 ,aqi,47 ,5 ,2016-10-17,42 ,29 
33 ,遵义,0.8 ,64 ,,42 ,aqi,131 ,6 ,2016-10-18,57 ,30 
32 ,遵义,0.8 ,57 ,,42 ,aqi,126 ,9 ,2016-10-19,54 ,29 
22 ,遵义,0.8 ,42 ,,23 ,aqi,85 ,4 ,2016-10-20,42 ,32 
22 ,遵义,0.9 ,45 ,,38 ,aqi,152 ,4 ,2016-10-21,45 ,30 
25 ,遵义,0.8 ,52 ,,51 ,aqi,212 ,6 ,2016-10-22,51 ,22 
26 ,遵义,0.7 ,53 ,,58 ,aqi,236 ,3 ,2016-10-23,52 ,19 
35 ,遵义,0.8 ,65 ,,80 ,aqi,242 ,5 ,2016-10-24,58 ,22 
40 ,遵义,0.8 ,77 ,,74 ,aqi,236 ,8 ,2016-10-25,64 ,24 
32 ,遵义,0.6 ,72 ,,70 ,aqi,228 ,13 ,2016-10-26,61 ,25 
28 ,遵义,0.6 ,69 ,,68 ,aqi,262 ,12 ,2016-10-27,60 ,23 
17 ,遵义,0.7 ,27 ,,45 ,aqi,18 ,2 ,2016-10-28,27 ,15 
7 ,遵义,0.6 ,16 ,,44 ,aqi,9 ,2 ,2016-10-29,23 ,18 
10 ,遵义,0.8 ,17 ,,44 ,aqi,7 ,3 ,2016-10-30,25 ,20 
10 ,遵义,0.8 ,21 ,,24 ,aqi,9 ,5 ,2016-10-31,28 ,22 
35 ,遵义,0.8 ,54 ,,93 ,aqi,132 ,6 ,2016-09-01,52 ,24 
49 ,遵义,0.9 ,88 ,,131 ,aqi,211 ,10 ,2016-09-02,76 ,40 
56 ,遵义,0.9 ,113 ,,117 ,aqi,219 ,12 ,2016-09-03,82 ,46 
58 ,遵义,0.8 ,91 ,,81 ,aqi,202 ,11 ,2016-09-04,79 ,36 
64 ,遵义,0.9 ,90 ,,85 ,aqi,242 ,10 ,2016-09-05,87 ,30 
54 ,遵义,0.9 ,76 ,,80 ,aqi,241 ,6 ,2016-09-06,74 ,31 
60 ,遵义,1.1 ,98 ,,57 ,aqi,289 ,11 ,2016-09-07,82 ,36 
52 ,遵义,0.8 ,92 ,,26 ,aqi,183 ,8 ,2016-09-08,72 ,36 
26 ,遵义,0.6 ,38 ,,27 ,aqi,58 ,6 ,2016-09-09,38 ,27 
30 ,遵义,0.6 ,54 ,,97 ,aqi,132 ,6 ,2016-09-10,52 ,25 
56 ,遵义,0.5 ,98 ,,114 ,aqi,262 ,9 ,2016-09-11,77 ,38 
57 ,遵义,0.6 ,110 ,,126 ,aqi,246 ,10 ,2016-09-12,80 ,40 
57 ,遵义,0.6 ,106 ,,117 ,aqi,240 ,8 ,2016-09-13,78 ,40 
64 ,遵义,0.6 ,114 ,,116 ,aqi,260 ,5 ,2016-09-14,87 ,34 
57 ,遵义,0.4 ,82 ,,120 ,aqi,258 ,3 ,2016-09-15,78 ,20 
36 ,遵义,0.6 ,54 ,,96 ,aqi,159 ,4 ,2016-09-16,52 ,21 
60 ,遵义,0.6 ,98 ,,133 ,aqi,300 ,5 ,2016-09-17,82 ,37 
65 ,遵义,0.5 ,110 ,,131 ,aqi,328 ,6 ,2016-09-18,88 ,43 
69 ,遵义,0.4 ,112 ,,108 ,aqi,350 ,5 ,2016-09-19,93 ,42 
84 ,遵义,0.6 ,114 ,,76 ,aqi,361 ,4 ,2016-09-20,112 ,40 
78 ,遵义,0.6 ,107 ,,90 ,aqi,303 ,4 ,2016-09-21,104 ,34 
64 ,遵义,0.6 ,106 ,,111 ,aqi,227 ,7 ,2016-09-22,87 ,34 
78 ,遵义,0.7 ,126 ,,104 ,aqi,278 ,10 ,2016-09-23,104 ,45 
84 ,遵义,0.8 ,129 ,,120 ,aqi,296 ,7 ,2016-09-24,112 ,38 
63 ,遵义,0.6 ,96 ,,88 ,aqi,226 ,6 ,2016-09-25,85 ,26 
51 ,遵义,0.6 ,84 ,,81 ,aqi,191 ,6 ,2016-09-26,70 ,28 
36 ,遵义,0.5 ,50 ,,71 ,aqi,147 ,2 ,2016-09-27,52 ,15 
33 ,遵义,0.5 ,54 ,,70 ,aqi,206 ,4 ,2016-09-28,52 ,18 
30 ,遵义,0.6 ,54 ,,54 ,aqi,188 ,3 ,2016-09-29,52 ,26 
42 ,遵义,0.7 ,75 ,,47 ,aqi,212 ,3 ,2016-09-30,63 ,34 
24 ,遵义,0.8 ,61 ,,97 ,aqi,169 ,8 ,2016-08-01,56 ,33 
26 ,遵义,0.9 ,56 ,,108 ,aqi,186 ,6 ,2016-08-02,57 ,26 
12 ,遵义,0.7 ,21 ,,45 ,aqi,35 ,2 ,2016-08-03,30 ,24 
6 ,遵义,0.7 ,10 ,,40 ,aqi,4 ,4 ,2016-08-04,24 ,19 
13 ,遵义,0.8 ,22 ,,24 ,aqi,38 ,2 ,2016-08-05,33 ,26 
16 ,遵义,1 ,25 ,,68 ,aqi,39 ,3 ,2016-08-06,34 ,22 
15 ,遵义,1 ,31 ,,96 ,aqi,153 ,3 ,2016-08-07,48 ,23 
26 ,遵义,1.2 ,55 ,,104 ,aqi,183 ,4 ,2016-08-08,54 ,34 
27 ,遵义,1 ,55 ,,122 ,aqi,261 ,4 ,2016-08-09,69 ,32 
17 ,遵义,1 ,42 ,,81 ,aqi,76 ,3 ,2016-08-10,42 ,29 
14 ,遵义,0.9 ,34 ,,70 ,aqi,35 ,4 ,2016-08-11,35 ,26 
15 ,遵义,0.9 ,40 ,,61 ,aqi,69 ,4 ,2016-08-12,40 ,32 
16 ,遵义,0.9 ,38 ,,62 ,aqi,61 ,4 ,2016-08-13,38 ,28 
18 ,遵义,0.8 ,41 ,,71 ,aqi,80 ,4 ,2016-08-14,41 ,26 
14 ,遵义,0.8 ,28 ,,58 ,aqi,24 ,3 ,2016-08-15,30 ,24 
16 ,遵义,0.8 ,37 ,,82 ,aqi,76 ,6 ,2016-08-16,41 ,24 
27 ,遵义,1 ,67 ,,98 ,aqi,145 ,5 ,2016-08-17,59 ,35 
36 ,遵义,1 ,75 ,,87 ,aqi,206 ,6 ,2016-08-18,63 ,38 
40 ,遵义,1 ,72 ,,72 ,aqi,202 ,5 ,2016-08-19,61 ,35 
32 ,遵义,1 ,63 ,,81 ,aqi,178 ,5 ,2016-08-20,57 ,31 
38 ,遵义,1 ,84 ,,102 ,aqi,193 ,8 ,2016-08-21,67 ,33 
45 ,遵义,1 ,87 ,,97 ,aqi,184 ,5 ,2016-08-22,69 ,30 
53 ,遵义,1 ,89 ,,109 ,aqi,195 ,5 ,2016-08-23,73 ,26 
63 ,遵义,1 ,117 ,,124 ,aqi,228 ,7 ,2016-08-24,85 ,39 
74 ,遵义,1 ,135 ,,168 ,aqi,316 ,11 ,2016-08-25,108 ,46 
54 ,遵义,0.9 ,106 ,,62 ,aqi,328 ,6 ,2016-08-26,78 ,36 
36 ,遵义,0.8 ,47 ,,58 ,aqi,119 ,5 ,2016-08-27,52 ,20 
36 ,遵义,0.8 ,62 ,,83 ,aqi,122 ,8 ,2016-08-28,56 ,30 
40 ,遵义,0.8 ,79 ,,120 ,aqi,160 ,9 ,2016-08-29,67 ,35 
50 ,遵义,0.8 ,82 ,,80 ,aqi,155 ,9 ,2016-08-30,69 ,40 
52 ,遵义,1 ,70 ,,44 ,aqi,173 ,5 ,2016-08-31,72 ,32 
22 ,遵义,0.7 ,55 ,,80 ,aqi,196 ,4 ,2016-07-01,53 ,24 
44 ,遵义,0.7 ,74 ,,120 ,aqi,214 ,8 ,2016-07-02,67 ,37 
44 ,遵义,0.7 ,68 ,,55 ,aqi,208 ,4 ,2016-07-03,62 ,33 
28 ,遵义,0.7 ,38 ,,93 ,aqi,145 ,4 ,2016-07-04,47 ,20 
23 ,遵义,0.7 ,36 ,,68 ,aqi,80 ,4 ,2016-07-05,36 ,18 
30 ,遵义,0.6 ,42 ,,38 ,aqi,115 ,4 ,2016-07-06,43 ,19 
45 ,遵义,0.6 ,65 ,,62 ,aqi,215 ,6 ,2016-07-07,63 ,24 
44 ,遵义,0.7 ,63 ,,78 ,aqi,214 ,5 ,2016-07-08,62 ,24 
30 ,遵义,0.7 ,56 ,,81 ,aqi,177 ,5 ,2016-07-09,53 ,26 
29 ,遵义,0.7 ,56 ,,81 ,aqi,163 ,4 ,2016-07-10,53 ,24 
21 ,遵义,0.7 ,39 ,,100 ,aqi,151 ,6 ,2016-07-11,50 ,19 
35 ,遵义,0.8 ,71 ,,98 ,aqi,211 ,5 ,2016-07-12,61 ,28 
20 ,遵义,0.6 ,32 ,,87 ,aqi,117 ,4 ,2016-07-13,44 ,19 
16 ,遵义,0.7 ,30 ,,84 ,aqi,106 ,5 ,2016-07-14,42 ,16 
8 ,遵义,0.7 ,25 ,,120 ,aqi,275 ,6 ,2016-07-15,67 ,22 
22 ,遵义,0.8 ,58 ,,84 ,aqi,160 ,6 ,2016-07-16,54 ,38 
20 ,遵义,0.7 ,45 ,,46 ,aqi,95 ,5 ,2016-07-17,45 ,27 
17 ,遵义,0.7 ,41 ,,54 ,aqi,89 ,7 ,2016-07-18,41 ,22 
18 ,遵义,0.8 ,34 ,,26 ,aqi,51 ,6 ,2016-07-19,34 ,27 
21 ,遵义,0.9 ,40 ,,92 ,aqi,160 ,7 ,2016-07-20,46 ,25 
14 ,遵义,0.7 ,38 ,,60 ,aqi,73 ,10 ,2016-07-21,38 ,20 
15 ,遵义,0.6 ,43 ,,66 ,aqi,92 ,9 ,2016-07-22,43 ,23 
15 ,遵义,0.7 ,45 ,,69 ,aqi,84 ,8 ,2016-07-23,45 ,24 
18 ,遵义,0.6 ,43 ,,86 ,aqi,63 ,6 ,2016-07-24,43 ,23 
24 ,遵义,0.8 ,62 ,,110 ,aqi,151 ,10 ,2016-07-25,59 ,27 
26 ,遵义,0.8 ,64 ,,116 ,aqi,163 ,11 ,2016-07-26,64 ,31 
34 ,遵义,0.8 ,80 ,,112 ,aqi,162 ,10 ,2016-07-27,65 ,35 
27 ,遵义,0.8 ,53 ,,92 ,aqi,82 ,11 ,2016-07-28,52 ,28 
19 ,遵义,0.8 ,47 ,,66 ,aqi,73 ,9 ,2016-07-29,47 ,27 
21 ,遵义,0.8 ,64 ,,85 ,aqi,114 ,11 ,2016-07-30,57 ,32 
26 ,遵义,0.8 ,65 ,,90 ,aqi,159 ,8 ,2016-07-31,58 ,36 
48 ,遵义,0.8 ,84 ,,106 ,aqi,215 ,6 ,2016-06-01,67 ,28 
37 ,遵义,0.9 ,60 ,,78 ,aqi,133 ,5 ,2016-06-02,55 ,23 
39 ,遵义,1 ,66 ,,113 ,aqi,171 ,7 ,2016-06-03,61 ,30 
51 ,遵义,0.8 ,94 ,,94 ,aqi,200 ,4 ,2016-06-04,72 ,36 
45 ,遵义,0.8 ,90 ,,147 ,aqi,265 ,6 ,2016-06-05,90 ,37 
56 ,遵义,0.8 ,109 ,,148 ,aqi,258 ,8 ,2016-06-06,90 ,36 
46 ,遵义,0.7 ,81 ,,100 ,aqi,135 ,5 ,2016-06-07,66 ,33 
43 ,遵义,0.7 ,75 ,,130 ,aqi,191 ,4 ,2016-06-08,75 ,29 
44 ,遵义,0.7 ,77 ,,92 ,aqi,152 ,4 ,2016-06-09,64 ,26 
46 ,遵义,0.7 ,68 ,,63 ,aqi,172 ,2 ,2016-06-10,64 ,23 
32 ,遵义,0.7 ,42 ,,56 ,aqi,115 ,2 ,2016-06-11,46 ,24 
40 ,遵义,0.8 ,70 ,,48 ,aqi,184 ,5 ,2016-06-12,60 ,34 
43 ,遵义,0.8 ,81 ,,90 ,aqi,158 ,4 ,2016-06-13,66 ,37 
49 ,遵义,0.9 ,89 ,,56 ,aqi,219 ,6 ,2016-06-14,70 ,42 
38 ,遵义,0.6 ,52 ,,72 ,aqi,147 ,4 ,2016-06-15,54 ,24 
38 ,遵义,0.7 ,80 ,,138 ,aqi,197 ,8 ,2016-06-16,82 ,33 
50 ,遵义,0.8 ,102 ,,90 ,aqi,178 ,8 ,2016-06-17,76 ,43 
49 ,遵义,0.9 ,86 ,,63 ,aqi,184 ,7 ,2016-06-18,68 ,32 
50 ,遵义,1 ,69 ,,28 ,aqi,214 ,5 ,2016-06-19,69 ,33 
53 ,遵义,1 ,78 ,,76 ,aqi,229 ,7 ,2016-06-20,73 ,33 
48 ,遵义,0.9 ,75 ,,44 ,aqi,214 ,9 ,2016-06-21,67 ,36 
37 ,遵义,0.9 ,62 ,,51 ,aqi,169 ,8 ,2016-06-22,56 ,32 
30 ,遵义,0.8 ,58 ,,68 ,aqi,180 ,8 ,2016-06-23,54 ,24 
30 ,遵义,0.7 ,46 ,,66 ,aqi,130 ,6 ,2016-06-24,46 ,20 
28 ,遵义,0.7 ,36 ,,94 ,aqi,125 ,3 ,2016-06-25,47 ,18 
43 ,遵义,1 ,67 ,,91 ,aqi,171 ,5 ,2016-06-26,60 ,28 
32 ,遵义,0.8 ,44 ,,62 ,aqi,91 ,4 ,2016-06-27,46 ,22 
22 ,遵义,1 ,24 ,,28 ,aqi,44 ,4 ,2016-06-28,32 ,24 
50 ,遵义,0.9 ,76 ,,57 ,aqi,222 ,6 ,2016-06-29,69 ,29 
37 ,遵义,0.6 ,61 ,,64 ,aqi,197 ,7 ,2016-06-30,56 ,26 
44 ,遵义,0.9 ,76 ,,69 ,aqi,99 ,6 ,2016-05-01,63 ,33 
48 ,遵义,0.8 ,79 ,,107 ,aqi,174 ,5 ,2016-05-02,67 ,29 
57 ,遵义,0.8 ,91 ,,96 ,aqi,256 ,5 ,2016-05-03,78 ,28 
46 ,遵义,0.7 ,72 ,,108 ,aqi,117 ,4 ,2016-05-04,64 ,26 
60 ,遵义,0.9 ,106 ,,142 ,aqi,250 ,7 ,2016-05-05,85 ,36 
68 ,遵义,0.8 ,109 ,,107 ,aqi,230 ,5 ,2016-05-06,92 ,34 
35 ,遵义,0.7 ,49 ,,92 ,aqi,92 ,3 ,2016-05-07,50 ,28 
28 ,遵义,0.8 ,37 ,,67 ,aqi,47 ,3 ,2016-05-08,40 ,21 
27 ,遵义,0.7 ,46 ,,102 ,aqi,89 ,4 ,2016-05-09,52 ,22 
36 ,遵义,0.8 ,74 ,,136 ,aqi,207 ,7 ,2016-05-10,80 ,39 
44 ,遵义,0.9 ,91 ,,139 ,aqi,140 ,13 ,2016-05-11,83 ,37 
53 ,遵义,0.9 ,95 ,,136 ,aqi,142 ,10 ,2016-05-12,80 ,34 
76 ,遵义,0.9 ,91 ,,108 ,aqi,326 ,3 ,2016-05-13,102 ,22 
42 ,遵义,0.9 ,52 ,,92 ,aqi,141 ,4 ,2016-05-14,59 ,20 
28 ,遵义,0.4 ,76 ,,135 ,aqi,341 ,4 ,2016-05-15,80 ,21 
44 ,遵义,0.6 ,97 ,,124 ,aqi,181 ,8 ,2016-05-16,74 ,37 
40 ,遵义,0.6 ,89 ,,96 ,aqi,89 ,8 ,2016-05-17,70 ,39 
54 ,遵义,0.7 ,80 ,,63 ,aqi,101 ,4 ,2016-05-18,74 ,35 
39 ,遵义,0.7 ,55 ,,58 ,aqi,51 ,3 ,2016-05-19,55 ,34 
54 ,遵义,0.8 ,81 ,,87 ,aqi,190 ,5 ,2016-05-20,74 ,41 
33 ,遵义,0.7 ,48 ,,104 ,aqi,146 ,3 ,2016-05-21,54 ,29 
42 ,遵义,0.5 ,51 ,,79 ,aqi,190 ,2 ,2016-05-22,59 ,28 
51 ,遵义,0.6 ,82 ,,55 ,aqi,202 ,4 ,2016-05-23,70 ,40 
52 ,遵义,0.7 ,69 ,,56 ,aqi,178 ,5 ,2016-05-24,72 ,33 
43 ,遵义,0.7 ,62 ,,53 ,aqi,151 ,8 ,2016-05-25,60 ,23 
35 ,遵义,0.5 ,47 ,,67 ,aqi,108 ,4 ,2016-05-26,50 ,19 
28 ,遵义,0.6 ,36 ,,61 ,aqi,57 ,3 ,2016-05-27,40 ,21 
35 ,遵义,0.7 ,54 ,,50 ,aqi,136 ,3 ,2016-05-28,52 ,27 
50 ,遵义,0.8 ,78 ,,111 ,aqi,181 ,4 ,2016-05-29,69 ,30 
46 ,遵义,1 ,72 ,,72 ,aqi,141 ,8 ,2016-05-30,64 ,30 
38 ,遵义,0.7 ,69 ,,83 ,aqi,138 ,6 ,2016-05-31,60 ,28 
63 ,遵义,1.2 ,101 ,,55 ,aqi,167 ,12 ,2016-04-01,85 ,39 
62 ,遵义,1.2 ,91 ,,87 ,aqi,202 ,8 ,2016-04-02,84 ,46 
54 ,遵义,1 ,74 ,,106 ,aqi,291 ,8 ,2016-04-03,74 ,38 
21 ,遵义,0.9 ,35 ,,72 ,aqi,16 ,4 ,2016-04-04,36 ,27 
31 ,遵义,1 ,53 ,,60 ,aqi,85 ,4 ,2016-04-05,52 ,34 
26 ,遵义,1 ,48 ,,48 ,aqi,97 ,4 ,2016-04-06,48 ,35 
21 ,遵义,0.9 ,39 ,,57 ,aqi,85 ,6 ,2016-04-07,49 ,39 
20 ,遵义,1 ,37 ,,58 ,aqi,76 ,6 ,2016-04-08,50 ,40 
16 ,遵义,0.8 ,30 ,,46 ,aqi,66 ,4 ,2016-04-09,45 ,36 
21 ,遵义,0.9 ,44 ,,67 ,aqi,54 ,7 ,2016-04-10,48 ,38 
23 ,遵义,0.9 ,58 ,,77 ,aqi,74 ,6 ,2016-04-11,54 ,40 
24 ,遵义,1 ,47 ,,55 ,aqi,40 ,4 ,2016-04-12,49 ,39 
30 ,遵义,0.9 ,50 ,,74 ,aqi,45 ,5 ,2016-04-13,50 ,35 
32 ,遵义,0.9 ,54 ,,55 ,aqi,60 ,5 ,2016-04-14,52 ,35 
28 ,遵义,1 ,50 ,,58 ,aqi,56 ,4 ,2016-04-15,50 ,34 
21 ,遵义,0.5 ,54 ,,116 ,aqi,199 ,5 ,2016-04-16,64 ,30 
25 ,遵义,0.7 ,50 ,,86 ,aqi,92 ,3 ,2016-04-17,50 ,32 
24 ,遵义,0.6 ,63 ,,88 ,aqi,123 ,4 ,2016-04-18,57 ,30 
29 ,遵义,0.6 ,68 ,,70 ,aqi,90 ,5 ,2016-04-19,59 ,26 
30 ,遵义,0.6 ,52 ,,92 ,aqi,81 ,4 ,2016-04-20,51 ,28 
43 ,遵义,0.8 ,80 ,,58 ,aqi,140 ,7 ,2016-04-21,65 ,48 
41 ,遵义,0.7 ,65 ,,47 ,aqi,102 ,4 ,2016-04-22,58 ,42 
26 ,遵义,0.6 ,40 ,,88 ,aqi,51 ,4 ,2016-04-23,44 ,28 
23 ,遵义,0.6 ,37 ,,52 ,aqi,32 ,2 ,2016-04-24,40 ,32 
28 ,遵义,0.7 ,40 ,,56 ,aqi,29 ,4 ,2016-04-25,40 ,30 
28 ,遵义,0.7 ,58 ,,76 ,aqi,113 ,5 ,2016-04-26,54 ,34 
45 ,遵义,0.8 ,87 ,,115 ,aqi,171 ,9 ,2016-04-27,69 ,42 
43 ,遵义,0.7 ,83 ,,50 ,aqi,113 ,6 ,2016-04-28,67 ,48 
35 ,遵义,0.6 ,63 ,,79 ,aqi,48 ,4 ,2016-04-29,57 ,34 
48 ,遵义,0.8 ,82 ,,70 ,aqi,88 ,7 ,2016-04-30,67 ,40 
55 ,遵义,1.1 ,106 ,,102 ,aqi,158 ,36 ,2016-03-01,78 ,53 
70 ,遵义,1.1 ,114 ,,113 ,aqi,167 ,35 ,2016-03-02,94 ,53 
96 ,遵义,1 ,118 ,,90 ,aqi,258 ,16 ,2016-03-03,127 ,38 
70 ,遵义,1 ,98 ,,73 ,aqi,160 ,16 ,2016-03-04,94 ,32 
32 ,遵义,0.8 ,49 ,,95 ,aqi,28 ,12 ,2016-03-05,49 ,26 
34 ,遵义,0.9 ,53 ,,88 ,aqi,25 ,14 ,2016-03-06,52 ,23 
58 ,遵义,0.9 ,89 ,,90 ,aqi,159 ,16 ,2016-03-07,79 ,33 
45 ,遵义,0.9 ,60 ,,92 ,aqi,209 ,9 ,2016-03-08,63 ,28 
13 ,遵义,0.7 ,22 ,,62 ,aqi,28 ,4 ,2016-03-09,31 ,21 
20 ,遵义,0.7 ,31 ,,86 ,aqi,107 ,5 ,2016-03-10,43 ,18 
42 ,遵义,0.9 ,57 ,,76 ,aqi,141 ,9 ,2016-03-11,59 ,21 
60 ,遵义,1.1 ,82 ,,64 ,aqi,197 ,11 ,2016-03-12,82 ,30 
54 ,遵义,1 ,78 ,,51 ,aqi,196 ,19 ,2016-03-13,74 ,32 
57 ,遵义,1 ,100 ,,94 ,aqi,156 ,26 ,2016-03-14,78 ,40 
57 ,遵义,0.9 ,91 ,,96 ,aqi,141 ,18 ,2016-03-15,78 ,28 
65 ,遵义,1.1 ,88 ,,68 ,aqi,171 ,9 ,2016-03-16,88 ,28 
49 ,遵义,1.2 ,76 ,,51 ,aqi,104 ,13 ,2016-03-17,68 ,40 
64 ,遵义,1.3 ,97 ,,109 ,aqi,157 ,15 ,2016-03-18,87 ,39 
65 ,遵义,1.1 ,103 ,,86 ,aqi,167 ,15 ,2016-03-19,88 ,35 
43 ,遵义,1.1 ,67 ,,82 ,aqi,64 ,8 ,2016-03-20,60 ,30 
25 ,遵义,1.1 ,37 ,,76 ,aqi,12 ,5 ,2016-03-21,38 ,28 
16 ,遵义,1 ,26 ,,58 ,aqi,13 ,7 ,2016-03-22,32 ,25 
21 ,遵义,0.9 ,34 ,,79 ,aqi,50 ,5 ,2016-03-23,40 ,26 
58 ,遵义,0.8 ,82 ,,101 ,aqi,308 ,6 ,2016-03-24,79 ,26 
56 ,遵义,1 ,78 ,,116 ,aqi,264 ,10 ,2016-03-25,77 ,30 
52 ,遵义,1.1 ,82 ,,86 ,aqi,165 ,14 ,2016-03-26,72 ,45 
51 ,遵义,1 ,82 ,,66 ,aqi,138 ,14 ,2016-03-27,70 ,38 
53 ,遵义,1 ,84 ,,58 ,aqi,117 ,19 ,2016-03-28,73 ,35 
70 ,遵义,1.1 ,99 ,,48 ,aqi,257 ,9 ,2016-03-29,94 ,42 
37 ,遵义,1 ,64 ,,106 ,aqi,47 ,10 ,2016-03-30,57 ,36 
60 ,遵义,1.2 ,92 ,,48 ,aqi,180 ,14 ,2016-03-31,82 ,50 
50 ,遵义,1.2 ,58 ,,62 ,aqi,150 ,24 ,2016-02-01,69 ,26 
68 ,遵义,1 ,77 ,,66 ,aqi,172 ,27 ,2016-02-02,92 ,25 
60 ,遵义,0.8 ,70 ,,66 ,aqi,128 ,26 ,2016-02-03,82 ,25 
77 ,遵义,1.1 ,100 ,,58 ,aqi,230 ,38 ,2016-02-04,103 ,39 
58 ,遵义,1.2 ,78 ,,61 ,aqi,203 ,32 ,2016-02-05,79 ,34 
58 ,遵义,1.1 ,70 ,,75 ,aqi,250 ,30 ,2016-02-06,79 ,32 
80 ,遵义,1.2 ,86 ,,92 ,aqi,264 ,42 ,2016-02-07,107 ,34 
206 ,遵义,1.5 ,236 ,,48 ,aqi,321 ,88 ,2016-02-08,256 ,42 
74 ,遵义,1.3 ,84 ,,100 ,aqi,238 ,55 ,2016-02-09,99 ,35 
51 ,遵义,1 ,60 ,,108 ,aqi,165 ,37 ,2016-02-10,70 ,29 
63 ,遵义,1 ,75 ,,97 ,aqi,222 ,30 ,2016-02-11,85 ,28 
71 ,遵义,0.8 ,72 ,,102 ,aqi,237 ,19 ,2016-02-12,95 ,22 
103 ,遵义,0.8 ,110 ,,110 ,aqi,357 ,14 ,2016-02-13,135 ,19 
16 ,遵义,0.4 ,17 ,,55 ,aqi,11 ,4 ,2016-02-14,28 ,13 
19 ,遵义,0.6 ,30 ,,63 ,aqi,42 ,11 ,2016-02-15,32 ,17 
36 ,遵义,0.8 ,54 ,,56 ,aqi,164 ,23 ,2016-02-16,52 ,28 
54 ,遵义,1 ,74 ,,52 ,aqi,261 ,39 ,2016-02-17,74 ,37 
65 ,遵义,1.1 ,85 ,,69 ,aqi,261 ,42 ,2016-02-18,88 ,39 
80 ,遵义,1 ,98 ,,72 ,aqi,248 ,44 ,2016-02-19,107 ,46 
68 ,遵义,1 ,85 ,,57 ,aqi,234 ,26 ,2016-02-20,92 ,41 
59 ,遵义,0.8 ,95 ,,83 ,aqi,145 ,23 ,2016-02-21,80 ,27 
57 ,遵义,1 ,70 ,,62 ,aqi,195 ,17 ,2016-02-22,78 ,30 
36 ,遵义,0.7 ,40 ,,69 ,aqi,114 ,9 ,2016-02-23,52 ,27 
56 ,遵义,0.8 ,80 ,,72 ,aqi,224 ,21 ,2016-02-24,77 ,32 
58 ,遵义,1 ,79 ,,44 ,aqi,212 ,25 ,2016-02-25,79 ,49 
54 ,遵义,1 ,84 ,,74 ,aqi,193 ,31 ,2016-02-26,74 ,44 
71 ,遵义,1.2 ,112 ,,88 ,aqi,274 ,53 ,2016-02-27,95 ,50 
70 ,遵义,1 ,106 ,,112 ,aqi,254 ,46 ,2016-02-28,94 ,48 
80 ,遵义,1.1 ,117 ,,121 ,aqi,306 ,37 ,2016-02-29,107 ,50 
77 ,遵义,0.9 ,113 ,,57 ,aqi,153 ,36 ,2016-01-01,103 ,48 
137 ,遵义,1.5 ,189 ,,17 ,aqi,266 ,56 ,2016-01-02,182 ,54 
133 ,遵义,1.3 ,171 ,,15 ,aqi,254 ,47 ,2016-01-03,176 ,47 
80 ,遵义,1 ,109 ,,72 ,aqi,187 ,23 ,2016-01-04,107 ,34 
80 ,遵义,1 ,106 ,,62 ,aqi,271 ,30 ,2016-01-05,107 ,37 
42 ,遵义,1 ,55 ,,41 ,aqi,129 ,17 ,2016-01-06,59 ,28 
23 ,遵义,1.4 ,34 ,,33 ,aqi,22 ,12 ,2016-01-07,36 ,26 
24 ,遵义,1.1 ,34 ,,36 ,aqi,20 ,14 ,2016-01-08,35 ,24 
20 ,遵义,0.9 ,31 ,,39 ,aqi,11 ,14 ,2016-01-09,32 ,25 
49 ,遵义,1.1 ,74 ,,26 ,aqi,135 ,38 ,2016-01-10,68 ,35 
43 ,遵义,1.2 ,59 ,,41 ,aqi,159 ,25 ,2016-01-11,60 ,34 
26 ,遵义,0.9 ,40 ,,52 ,aqi,63 ,17 ,2016-01-12,40 ,23 
29 ,遵义,1 ,38 ,,43 ,aqi,33 ,15 ,2016-01-13,42 ,23 
38 ,遵义,1.2 ,60 ,,28 ,aqi,68 ,23 ,2016-01-14,55 ,32 
38 ,遵义,1.2 ,53 ,,38 ,aqi,74 ,23 ,2016-01-15,54 ,27 
38 ,遵义,1.2 ,56 ,,34 ,aqi,68 ,22 ,2016-01-16,54 ,31 
46 ,遵义,1.2 ,63 ,,74 ,aqi,135 ,30 ,2016-01-17,64 ,37 
57 ,遵义,1.1 ,84 ,,51 ,aqi,191 ,36 ,2016-01-18,78 ,39 
60 ,遵义,0.9 ,78 ,,54 ,aqi,164 ,21 ,2016-01-19,82 ,28 
35 ,遵义,1 ,46 ,,54 ,aqi,45 ,13 ,2016-01-20,50 ,25 
24 ,遵义,0.9 ,34 ,,43 ,aqi,33 ,15 ,2016-01-21,35 ,23 
26 ,遵义,0.7 ,38 ,,41 ,aqi,72 ,16 ,2016-01-22,38 ,24 
52 ,遵义,0.7 ,63 ,,68 ,aqi,271 ,22 ,2016-01-23,72 ,21 
26 ,遵义,0.6 ,38 ,,64 ,aqi,23 ,16 ,2016-01-24,38 ,16 
34 ,遵义,0.7 ,52 ,,62 ,aqi,59 ,26 ,2016-01-25,51 ,23 
44 ,遵义,0.8 ,67 ,,55 ,aqi,105 ,34 ,2016-01-26,62 ,28 
64 ,遵义,0.9 ,95 ,,48 ,aqi,183 ,25 ,2016-01-27,87 ,30 
40 ,遵义,0.9 ,60 ,,36 ,aqi,86 ,14 ,2016-01-28,57 ,28 
64 ,遵义,1 ,80 ,,47 ,aqi,223 ,25 ,2016-01-29,87 ,33 
55 ,遵义,1 ,68 ,,47 ,aqi,204 ,18 ,2016-01-30,75 ,26 
32 ,遵义,1.1 ,41 ,,44 ,aqi,78 ,12 ,2016-01-31,46 ,30 
39 ,遵义,0.9 ,52 ,,27 ,aqi,60 ,14 ,2015-12-01,55 ,32 
30 ,遵义,0.6 ,49 ,,41 ,aqi,50 ,14 ,2015-12-02,49 ,33 
42 ,遵义,0.6 ,77 ,,33 ,aqi,199 ,28 ,2015-12-03,64 ,34 
26 ,遵义,0.5 ,38 ,,49 ,aqi,51 ,10 ,2015-12-04,38 ,23 
34 ,遵义,0.7 ,54 ,,44 ,aqi,138 ,25 ,2015-12-05,52 ,35 
33 ,遵义,0.7 ,51 ,,37 ,aqi,118 ,20 ,2015-12-06,51 ,31 
44 ,遵义,0.9 ,80 ,,41 ,aqi,143 ,34 ,2015-12-07,65 ,47 
34 ,遵义,0.6 ,49 ,,48 ,aqi,66 ,14 ,2015-12-08,49 ,23 
59 ,遵义,0.7 ,90 ,,39 ,aqi,169 ,26 ,2015-12-09,80 ,34 
87 ,遵义,0.9 ,123 ,,46 ,aqi,242 ,35 ,2015-12-10,115 ,38 
33 ,遵义,0.6 ,44 ,,48 ,aqi,72 ,19 ,2015-12-11,48 ,24 
17 ,遵义,0.8 ,26 ,,41 ,aqi,12 ,15 ,2015-12-12,33 ,26 
26 ,遵义,1.2 ,49 ,,26 ,aqi,74 ,15 ,2015-12-13,49 ,31 
23 ,遵义,1.1 ,40 ,,24 ,aqi,34 ,11 ,2015-12-14,40 ,27 
15 ,遵义,0.5 ,20 ,,48 ,aqi,1 ,8 ,2015-12-15,25 ,20 
27 ,遵义,0.6 ,55 ,,50 ,aqi,138 ,25 ,2015-12-16,53 ,32 
34 ,遵义,0.6 ,58 ,,59 ,aqi,127 ,25 ,2015-12-17,54 ,30 
34 ,遵义,0.5 ,56 ,,65 ,aqi,63 ,35 ,2015-12-18,53 ,27 
48 ,遵义,0.6 ,72 ,,48 ,aqi,109 ,19 ,2015-12-19,67 ,30 
60 ,遵义,0.8 ,76 ,,34 ,aqi,133 ,32 ,2015-12-20,82 ,34 
51 ,遵义,0.9 ,67 ,,27 ,aqi,79 ,23 ,2015-12-21,70 ,32 
32 ,遵义,0.8 ,49 ,,13 ,aqi,17 ,15 ,2015-12-22,49 ,28 
24 ,遵义,0.9 ,32 ,,21 ,aqi,7 ,13 ,2015-12-23,35 ,28 
58 ,遵义,0.9 ,82 ,,46 ,aqi,153 ,23 ,2015-12-24,79 ,34 
68 ,遵义,1.1 ,94 ,,39 ,aqi,193 ,37 ,2015-12-25,92 ,44 
110 ,遵义,1.6 ,167 ,,18 ,aqi,292 ,74 ,2015-12-26,144 ,60 
94 ,遵义,1.4 ,128 ,,54 ,aqi,309 ,42 ,2015-12-27,124 ,50 
63 ,遵义,1 ,86 ,,44 ,aqi,179 ,29 ,2015-12-28,85 ,40 
87 ,遵义,1.2 ,118 ,,47 ,aqi,209 ,35 ,2015-12-29,115 ,47 
83 ,遵义,1.3 ,109 ,,16 ,aqi,165 ,38 ,2015-12-30,110 ,52 
55 ,遵义,0.8 ,74 ,,67 ,aqi,104 ,33 ,2015-12-31,75 ,39 
65 ,遵义,1.2 ,105 ,,46 ,aqi,279 ,12 ,2015-11-01,88 ,37 
46 ,遵义,0.9 ,78 ,,53 ,aqi,129 ,12 ,2015-11-02,64 ,31 
46 ,遵义,0.9 ,77 ,,46 ,aqi,87 ,20 ,2015-11-03,64 ,31 
46 ,遵义,1 ,68 ,,37 ,aqi,97 ,9 ,2015-11-04,64 ,29 
42 ,遵义,0.8 ,69 ,,63 ,aqi,114 ,19 ,2015-11-05,60 ,25 
43 ,遵义,1.1 ,89 ,,64 ,aqi,260 ,27 ,2015-11-06,70 ,34 
52 ,遵义,1.1 ,105 ,,75 ,aqi,295 ,28 ,2015-11-07,78 ,38 
51 ,遵义,0.9 ,80 ,,84 ,aqi,213 ,14 ,2015-11-08,70 ,20 
31 ,遵义,0.9 ,49 ,,55 ,aqi,69 ,11 ,2015-11-09,49 ,17 
33 ,遵义,1.1 ,57 ,,58 ,aqi,94 ,12 ,2015-11-10,54 ,20 
17 ,遵义,1.3 ,28 ,,43 ,aqi,21 ,8 ,2015-11-11,33 ,19 
15 ,遵义,1 ,26 ,,35 ,aqi,8 ,9 ,2015-11-12,26 ,18 
19 ,遵义,1 ,33 ,,40 ,aqi,31 ,11 ,2015-11-13,33 ,19 
23 ,遵义,0.9 ,44 ,,28 ,aqi,58 ,20 ,2015-11-14,44 ,23 
29 ,遵义,0.9 ,51 ,,25 ,aqi,73 ,21 ,2015-11-15,51 ,28 
22 ,遵义,0.7 ,38 ,,18 ,aqi,44 ,13 ,2015-11-16,38 ,24 
17 ,遵义,0.8 ,28 ,,17 ,aqi,14 ,11 ,2015-11-17,28 ,20 
20 ,遵义,0.9 ,31 ,,22 ,aqi,11 ,13 ,2015-11-18,31 ,21 
18 ,遵义,1.2 ,30 ,,21 ,aqi,9 ,13 ,2015-11-19,31 ,21 
18 ,遵义,1.1 ,31 ,,19 ,aqi,13 ,15 ,2015-11-20,32 ,25 
18 ,遵义,0.9 ,35 ,,38 ,aqi,18 ,19 ,2015-11-21,35 ,22 
26 ,遵义,0.8 ,53 ,,32 ,aqi,157 ,20 ,2015-11-22,52 ,30 
26 ,遵义,0.9 ,47 ,,43 ,aqi,146 ,17 ,2015-11-23,47 ,22 
20 ,遵义,0.9 ,34 ,,30 ,aqi,72 ,10 ,2015-11-24,34 ,23 
22 ,遵义,0.9 ,43 ,,19 ,aqi,98 ,22 ,2015-11-25,43 ,31 
38 ,遵义,1 ,64 ,,39 ,aqi,179 ,23 ,2015-11-26,57 ,27 
33 ,遵义,0.6 ,50 ,,44 ,aqi,68 ,19 ,2015-11-27,50 ,19 
44 ,遵义,0.8 ,70 ,,27 ,aqi,94 ,29 ,2015-11-28,62 ,34 
49 ,遵义,0.9 ,82 ,,57 ,aqi,111 ,39 ,2015-11-29,68 ,38 
68 ,遵义,1 ,107 ,,31 ,aqi,196 ,31 ,2015-11-30,92 ,41 
32 ,遵义,0.8 ,65 ,,44 ,aqi,176 ,8 ,2015-10-01,58 ,28 
19 ,遵义,0.7 ,54 ,,71 ,aqi,82 ,9 ,2015-10-02,52 ,24 
30 ,遵义,0.6 ,61 ,,72 ,aqi,122 ,8 ,2015-10-03,56 ,25 
26 ,遵义,0.7 ,48 ,,63 ,aqi,96 ,7 ,2015-10-04,48 ,22 
17 ,遵义,0.8 ,30 ,,43 ,aqi,28 ,6 ,2015-10-05,30 ,23 
17 ,遵义,0.9 ,37 ,,31 ,aqi,35 ,8 ,2015-10-06,37 ,29 
19 ,遵义,0.8 ,44 ,,50 ,aqi,96 ,9 ,2015-10-07,44 ,29 
34 ,遵义,0.9 ,68 ,,32 ,aqi,235 ,9 ,2015-10-08,59 ,35 
39 ,遵义,0.9 ,57 ,,62 ,aqi,158 ,11 ,2015-10-09,55 ,31 
41 ,遵义,0.8 ,69 ,,60 ,aqi,210 ,11 ,2015-10-10,60 ,30 
40 ,遵义,0.8 ,90 ,,75 ,aqi,235 ,11 ,2015-10-11,70 ,35 
45 ,遵义,0.9 ,101 ,,65 ,aqi,215 ,10 ,2015-10-12,76 ,38 
45 ,遵义,0.9 ,100 ,,66 ,aqi,153 ,13 ,2015-10-13,75 ,43 
62 ,遵义,0.9 ,136 ,,91 ,aqi,173 ,17 ,2015-10-14,93 ,49 
60 ,遵义,0.9 ,142 ,,86 ,aqi,178 ,17 ,2015-10-15,96 ,48 
45 ,遵义,0.8 ,107 ,,79 ,aqi,105 ,15 ,2015-10-16,79 ,39 
55 ,遵义,0.9 ,109 ,,78 ,aqi,124 ,28 ,2015-10-17,80 ,41 
53 ,遵义,0.9 ,88 ,,55 ,aqi,144 ,8 ,2015-10-18,73 ,35 
45 ,遵义,0.8 ,81 ,,66 ,aqi,94 ,11 ,2015-10-19,66 ,33 
55 ,遵义,1 ,106 ,,67 ,aqi,145 ,10 ,2015-10-20,78 ,40 
56 ,遵义,0.8 ,111 ,,87 ,aqi,187 ,11 ,2015-10-21,81 ,36 
60 ,遵义,0.8 ,100 ,,110 ,aqi,190 ,15 ,2015-10-22,82 ,31 
64 ,遵义,0.9 ,103 ,,94 ,aqi,185 ,14 ,2015-10-23,87 ,29 
53 ,遵义,0.7 ,85 ,,86 ,aqi,158 ,8 ,2015-10-24,73 ,19 
52 ,遵义,0.8 ,84 ,,89 ,aqi,206 ,9 ,2015-10-25,72 ,21 
52 ,遵义,0.8 ,85 ,,85 ,aqi,205 ,12 ,2015-10-26,72 ,29 
28 ,遵义,0.9 ,55 ,,49 ,aqi,108 ,5 ,2015-10-27,53 ,24 
24 ,遵义,1 ,45 ,,37 ,aqi,64 ,4 ,2015-10-28,45 ,22 
25 ,遵义,0.7 ,52 ,,56 ,aqi,116 ,6 ,2015-10-29,51 ,25 
22 ,遵义,0.7 ,39 ,,45 ,aqi,51 ,4 ,2015-10-30,39 ,19 
62 ,遵义,0.8 ,89 ,,54 ,aqi,285 ,8 ,2015-10-31,84 ,26 
43 ,遵义,0.8 ,96 ,,111 ,aqi,241 ,10 ,2015-09-01,73 ,36 
60 ,遵义,0.9 ,111 ,,104 ,aqi,285 ,9 ,2015-09-02,82 ,33 
39 ,遵义,1 ,64 ,,81 ,aqi,182 ,4 ,2015-09-03,57 ,16 
14 ,遵义,0.9 ,38 ,,72 ,aqi,68 ,7 ,2015-09-04,38 ,17 
22 ,遵义,1.1 ,60 ,,57 ,aqi,226 ,10 ,2015-09-05,55 ,28 
10 ,遵义,0.9 ,24 ,,40 ,aqi,29 ,5 ,2015-09-06,33 ,26 
19 ,遵义,0.8 ,45 ,,72 ,aqi,68 ,7 ,2015-09-07,45 ,21 
41 ,遵义,1 ,68 ,,70 ,aqi,148 ,5 ,2015-09-08,59 ,22 
47 ,遵义,0.9 ,74 ,,69 ,aqi,196 ,4 ,2015-09-09,65 ,16 
26 ,遵义,0.8 ,45 ,,58 ,aqi,111 ,7 ,2015-09-10,45 ,17 
16 ,遵义,0.7 ,35 ,,59 ,aqi,42 ,10 ,2015-09-11,35 ,18 
11 ,遵义,0.5 ,35 ,,70 ,aqi,37 ,5 ,2015-09-12,35 ,22 
26 ,遵义,0.6 ,59 ,,75 ,aqi,131 ,7 ,2015-09-13,55 ,27 
32 ,遵义,0.7 ,83 ,,84 ,aqi,176 ,8 ,2015-09-14,67 ,35 
44 ,遵义,0.8 ,88 ,,65 ,aqi,188 ,9 ,2015-09-15,69 ,35 
43 ,遵义,0.8 ,84 ,,105 ,aqi,168 ,8 ,2015-09-16,67 ,34 
60 ,遵义,0.9 ,101 ,,92 ,aqi,224 ,8 ,2015-09-17,82 ,37 
39 ,遵义,0.8 ,59 ,,50 ,aqi,92 ,6 ,2015-09-18,55 ,31 
22 ,遵义,0.9 ,43 ,,37 ,aqi,64 ,6 ,2015-09-19,43 ,34 
21 ,遵义,0.8 ,39 ,,69 ,aqi,57 ,4 ,2015-09-20,39 ,21 
32 ,遵义,0.8 ,56 ,,71 ,aqi,118 ,5 ,2015-09-21,53 ,21 
34 ,遵义,1 ,57 ,,61 ,aqi,134 ,6 ,2015-09-22,54 ,31 
29 ,遵义,1 ,58 ,,55 ,aqi,158 ,5 ,2015-09-23,54 ,25 
23 ,遵义,1 ,49 ,,51 ,aqi,115 ,10 ,2015-09-24,49 ,25 
18 ,遵义,0.8 ,41 ,,43 ,aqi,69 ,5 ,2015-09-25,41 ,27 
17 ,遵义,0.8 ,36 ,,47 ,aqi,41 ,3 ,2015-09-26,36 ,18 
20 ,遵义,0.8 ,38 ,,38 ,aqi,51 ,6 ,2015-09-27,38 ,21 
18 ,遵义,0.9 ,31 ,,24 ,aqi,28 ,7 ,2015-09-28,34 ,27 
43 ,遵义,0.9 ,75 ,,65 ,aqi,230 ,5 ,2015-09-29,63 ,28 
49 ,遵义,1 ,101 ,,64 ,aqi,288 ,9 ,2015-09-30,76 ,33 
17 ,遵义,0.6 ,45 ,,69 ,aqi,80 ,12 ,2015-08-01,45 ,17 
15 ,遵义,0.6 ,43 ,,69 ,aqi,73 ,14 ,2015-08-02,43 ,17 
12 ,遵义,0.5 ,43 ,,64 ,aqi,79 ,12 ,2015-08-03,43 ,16 
16 ,遵义,0.6 ,37 ,,59 ,aqi,47 ,13 ,2015-08-04,37 ,17 
15 ,遵义,0.7 ,40 ,,69 ,aqi,39 ,12 ,2015-08-05,40 ,20 
28 ,遵义,0.7 ,73 ,,88 ,aqi,168 ,15 ,2015-08-06,62 ,25 
18 ,遵义,0.6 ,48 ,,70 ,aqi,105 ,5 ,2015-08-07,48 ,21 
22 ,遵义,0.5 ,56 ,,104 ,aqi,177 ,5 ,2015-08-08,54 ,22 
33 ,遵义,0.5 ,61 ,,88 ,aqi,215 ,8 ,2015-08-09,56 ,20 
37 ,遵义,0.6 ,67 ,,101 ,aqi,240 ,7 ,2015-08-10,59 ,26 
31 ,遵义,0.6 ,70 ,,72 ,aqi,213 ,4 ,2015-08-11,60 ,27 
18 ,遵义,0.5 ,40 ,,79 ,aqi,41 ,5 ,2015-08-12,40 ,17 
20 ,遵义,0.5 ,53 ,,83 ,aqi,95 ,7 ,2015-08-13,52 ,19 
27 ,遵义,0.8 ,73 ,,102 ,aqi,172 ,6 ,2015-08-14,62 ,26 
28 ,遵义,0.7 ,71 ,,79 ,aqi,170 ,5 ,2015-08-15,61 ,27 
14 ,遵义,0.8 ,41 ,,60 ,aqi,61 ,3 ,2015-08-16,41 ,23 
14 ,遵义,0.8 ,38 ,,39 ,aqi,48 ,4 ,2015-08-17,38 ,20 
9 ,遵义,0.7 ,24 ,,62 ,aqi,24 ,5 ,2015-08-18,31 ,22 
8 ,遵义,0.6 ,22 ,,77 ,aqi,37 ,5 ,2015-08-19,39 ,21 
8 ,遵义,0.7 ,34 ,,84 ,aqi,47 ,6 ,2015-08-20,42 ,24 
21 ,遵义,0.7 ,65 ,,111 ,aqi,160 ,11 ,2015-08-21,60 ,37 
32 ,遵义,0.7 ,89 ,,129 ,aqi,216 ,10 ,2015-08-22,75 ,41 
35 ,遵义,0.7 ,89 ,,116 ,aqi,194 ,10 ,2015-08-23,70 ,35 
41 ,遵义,0.7 ,89 ,,107 ,aqi,206 ,8 ,2015-08-24,70 ,34 
28 ,遵义,0.6 ,46 ,,80 ,aqi,62 ,3 ,2015-08-25,46 ,27 
37 ,遵义,0.8 ,61 ,,73 ,aqi,109 ,7 ,2015-08-26,56 ,23 
25 ,遵义,0.8 ,47 ,,54 ,aqi,64 ,3 ,2015-08-27,47 ,27 
16 ,遵义,0.8 ,38 ,,61 ,aqi,47 ,4 ,2015-08-28,39 ,31 
33 ,遵义,0.9 ,75 ,,64 ,aqi,157 ,7 ,2015-08-29,63 ,37 
43 ,遵义,0.8 ,86 ,,104 ,aqi,181 ,7 ,2015-08-30,68 ,39 
40 ,遵义,0.9 ,93 ,,98 ,aqi,228 ,8 ,2015-08-31,72 ,43 
13 ,遵义,0.8 ,36 ,,55 ,aqi,39 ,7 ,2015-07-01,36 ,23 
23 ,遵义,0.9 ,56 ,,55 ,aqi,147 ,8 ,2015-07-02,53 ,33 
25 ,遵义,0.8 ,49 ,,57 ,aqi,136 ,5 ,2015-07-03,49 ,29 
18 ,遵义,0.6 ,38 ,,76 ,aqi,53 ,5 ,2015-07-04,38 ,22 
18 ,遵义,0.7 ,38 ,,62 ,aqi,54 ,9 ,2015-07-05,38 ,31 
18 ,遵义,0.8 ,44 ,,105 ,aqi,128 ,7 ,2015-07-06,54 ,31 
33 ,遵义,0.8 ,75 ,,126 ,aqi,214 ,14 ,2015-07-07,72 ,37 
34 ,遵义,0.8 ,74 ,,142 ,aqi,237 ,7 ,2015-07-08,85 ,31 
52 ,遵义,0.8 ,114 ,,139 ,aqi,245 ,7 ,2015-07-09,83 ,37 
54 ,遵义,0.8 ,100 ,,130 ,aqi,227 ,9 ,2015-07-10,75 ,29 
39 ,遵义,0.8 ,85 ,,88 ,aqi,212 ,9 ,2015-07-11,67 ,31 
24 ,遵义,0.8 ,71 ,,79 ,aqi,153 ,9 ,2015-07-12,60 ,30 
30 ,遵义,0.8 ,94 ,,88 ,aqi,149 ,13 ,2015-07-13,72 ,38 
42 ,遵义,0.9 ,108 ,,61 ,aqi,191 ,10 ,2015-07-14,79 ,33 
21 ,遵义,0.7 ,47 ,,96 ,aqi,65 ,7 ,2015-07-15,48 ,24 
29 ,遵义,0.8 ,70 ,,124 ,aqi,216 ,10 ,2015-07-16,70 ,34 
26 ,遵义,0.7 ,63 ,,103 ,aqi,158 ,4 ,2015-07-17,56 ,30 
26 ,遵义,0.7 ,64 ,,109 ,aqi,156 ,6 ,2015-07-18,58 ,28 
35 ,遵义,0.8 ,83 ,,113 ,aqi,204 ,6 ,2015-07-19,67 ,34 
37 ,遵义,0.8 ,89 ,,111 ,aqi,196 ,7 ,2015-07-20,70 ,35 
38 ,遵义,0.9 ,91 ,,109 ,aqi,214 ,8 ,2015-07-21,71 ,30 
31 ,遵义,0.8 ,60 ,,72 ,aqi,140 ,6 ,2015-07-22,55 ,29 
22 ,遵义,0.6 ,43 ,,93 ,aqi,134 ,4 ,2015-07-23,47 ,23 
25 ,遵义,0.6 ,54 ,,96 ,aqi,148 ,7 ,2015-07-24,52 ,32 
37 ,遵义,0.7 ,92 ,,126 ,aqi,209 ,14 ,2015-07-25,72 ,38 
40 ,遵义,0.7 ,93 ,,117 ,aqi,196 ,10 ,2015-07-26,72 ,32 
36 ,遵义,0.7 ,81 ,,122 ,aqi,202 ,8 ,2015-07-27,69 ,30 
15 ,遵义,0.5 ,36 ,,73 ,aqi,48 ,7 ,2015-07-28,37 ,13 
16 ,遵义,0.6 ,40 ,,48 ,aqi,68 ,6 ,2015-07-29,40 ,16 
17 ,遵义,0.5 ,41 ,,65 ,aqi,80 ,6 ,2015-07-30,41 ,15 
14 ,遵义,0.6 ,39 ,,62 ,aqi,71 ,8 ,2015-07-31,39 ,17 
32 ,遵义,0.6 ,54 ,,74 ,aqi,87 ,5 ,2015-06-01,52 ,19 
31 ,遵义,0.7 ,57 ,,75 ,aqi,139 ,6 ,2015-06-02,53 ,25 
26 ,遵义,0.8 ,45 ,,58 ,aqi,95 ,5 ,2015-06-03,45 ,22 
10 ,遵义,0.8 ,22 ,,55 ,aqi,11 ,5 ,2015-06-04,28 ,19 
13 ,遵义,0.8 ,32 ,,58 ,aqi,17 ,7 ,2015-06-05,32 ,21 
22 ,遵义,0.8 ,58 ,,42 ,aqi,107 ,7 ,2015-06-06,54 ,31 
13 ,遵义,0.8 ,27 ,,52 ,aqi,7 ,11 ,2015-06-07,27 ,22 
15 ,遵义,0.7 ,34 ,,61 ,aqi,40 ,10 ,2015-06-08,34 ,19 
23 ,遵义,0.8 ,45 ,,93 ,aqi,97 ,7 ,2015-06-09,47 ,18 
35 ,遵义,0.9 ,68 ,,70 ,aqi,161 ,9 ,2015-06-10,59 ,32 
37 ,遵义,0.9 ,74 ,,96 ,aqi,160 ,12 ,2015-06-11,62 ,22 
35 ,遵义,0.7 ,84 ,,89 ,aqi,188 ,9 ,2015-06-12,67 ,22 
16 ,遵义,0.8 ,34 ,,80 ,aqi,57 ,9 ,2015-06-13,40 ,15 
27 ,遵义,0.8 ,66 ,,99 ,aqi,159 ,16 ,2015-06-14,58 ,23 
33 ,遵义,0.8 ,75 ,,82 ,aqi,168 ,8 ,2015-06-15,62 ,22 
19 ,遵义,0.8 ,50 ,,71 ,aqi,106 ,10 ,2015-06-16,50 ,14 
18 ,遵义,0.8 ,41 ,,80 ,aqi,61 ,8 ,2015-06-17,41 ,15 
28 ,遵义,0.8 ,44 ,,62 ,aqi,76 ,7 ,2015-06-18,44 ,23 
18 ,遵义,0.9 ,39 ,,58 ,aqi,48 ,4 ,2015-06-19,39 ,17 
30 ,遵义,1 ,62 ,,43 ,aqi,129 ,5 ,2015-06-20,56 ,30 
16 ,遵义,0.9 ,38 ,,49 ,aqi,53 ,6 ,2015-06-21,38 ,22 
15 ,遵义,0.8 ,35 ,,46 ,aqi,43 ,6 ,2015-06-22,35 ,17 
21 ,遵义,0.7 ,41 ,,56 ,aqi,83 ,6 ,2015-06-23,41 ,17 
19 ,遵义,0.7 ,51 ,,60 ,aqi,170 ,8 ,2015-06-24,50 ,24 
19 ,遵义,0.8 ,52 ,,64 ,aqi,184 ,24 ,2015-06-25,51 ,24 
17 ,遵义,0.8 ,43 ,,67 ,aqi,108 ,14 ,2015-06-26,43 ,19 
19 ,遵义,0.7 ,49 ,,79 ,aqi,169 ,20 ,2015-06-27,49 ,18 
21 ,遵义,0.7 ,56 ,,92 ,aqi,175 ,9 ,2015-06-28,53 ,19 
27 ,遵义,0.8 ,60 ,,88 ,aqi,191 ,8 ,2015-06-29,55 ,20 
20 ,遵义,0.8 ,47 ,,67 ,aqi,133 ,5 ,2015-06-30,47 ,20 
43 ,遵义,0.8 ,66 ,,96 ,aqi,114 ,6 ,2015-05-01,61 ,22 
24 ,遵义,0.6 ,55 ,,110 ,aqi,148 ,7 ,2015-05-02,58 ,28 
35 ,遵义,0.7 ,63 ,,77 ,aqi,76 ,5 ,2015-05-03,56 ,28 
33 ,遵义,0.7 ,48 ,,60 ,aqi,46 ,5 ,2015-05-04,48 ,22 
39 ,遵义,0.7 ,58 ,,73 ,aqi,69 ,4 ,2015-05-05,55 ,19 
55 ,遵义,0.8 ,88 ,,122 ,aqi,164 ,9 ,2015-05-06,75 ,28 
55 ,遵义,0.9 ,98 ,,80 ,aqi,149 ,14 ,2015-05-07,74 ,40 
27 ,遵义,0.5 ,46 ,,107 ,aqi,122 ,5 ,2015-05-08,56 ,27 
47 ,遵义,0.6 ,82 ,,106 ,aqi,200 ,12 ,2015-05-09,66 ,31 
44 ,遵义,0.6 ,70 ,,89 ,aqi,151 ,7 ,2015-05-10,61 ,21 
37 ,遵义,0.6 ,63 ,,81 ,aqi,188 ,6 ,2015-05-11,57 ,19 
53 ,遵义,0.8 ,100 ,,80 ,aqi,246 ,7 ,2015-05-12,75 ,30 
49 ,遵义,0.8 ,84 ,,68 ,aqi,126 ,7 ,2015-05-13,68 ,25 
69 ,遵义,1 ,116 ,,93 ,aqi,268 ,10 ,2015-05-14,93 ,34 
59 ,遵义,0.9 ,81 ,,82 ,aqi,260 ,5 ,2015-05-15,80 ,22 
54 ,遵义,0.8 ,85 ,,78 ,aqi,185 ,5 ,2015-05-16,74 ,21 
60 ,遵义,0.8 ,83 ,,65 ,aqi,192 ,6 ,2015-05-17,81 ,21 
41 ,遵义,0.8 ,59 ,,105 ,aqi,109 ,5 ,2015-05-18,58 ,25 
62 ,遵义,0.9 ,95 ,,70 ,aqi,227 ,6 ,2015-05-19,83 ,34 
35 ,遵义,0.8 ,60 ,,56 ,aqi,120 ,5 ,2015-05-20,55 ,25 
76 ,遵义,0.8 ,116 ,,94 ,aqi,320 ,4 ,2015-05-21,102 ,24 
49 ,遵义,0.7 ,67 ,,72 ,aqi,144 ,3 ,2015-05-22,67 ,20 
29 ,遵义,0.5 ,47 ,,76 ,aqi,69 ,6 ,2015-05-23,47 ,21 
44 ,遵义,0.7 ,75 ,,109 ,aqi,108 ,5 ,2015-05-24,62 ,24 
41 ,遵义,0.7 ,64 ,,81 ,aqi,86 ,4 ,2015-05-25,57 ,21 
33 ,遵义,0.7 ,55 ,,32 ,aqi,81 ,6 ,2015-05-26,53 ,24 
28 ,遵义,0.8 ,58 ,,38 ,aqi,77 ,5 ,2015-05-27,54 ,30 
31 ,遵义,0.8 ,67 ,,99 ,aqi,129 ,9 ,2015-05-28,59 ,30 
20 ,遵义,0.5 ,45 ,,63 ,aqi,46 ,4 ,2015-05-29,45 ,16 
20 ,遵义,0.5 ,45 ,,57 ,aqi,64 ,10 ,2015-05-30,45 ,30 
29 ,遵义,0.6 ,48 ,,109 ,aqi,103 ,5 ,2015-05-31,58 ,17 
64 ,遵义,0.9 ,115 ,,134 ,aqi,293 ,19 ,2015-04-01,86 ,24 
69 ,遵义,0.9 ,128 ,,115 ,aqi,316 ,23 ,2015-04-02,93 ,40 
57 ,遵义,0.8 ,117 ,,123 ,aqi,270 ,20 ,2015-04-03,84 ,40 
63 ,遵义,0.7 ,112 ,,142 ,aqi,261 ,17 ,2015-04-04,85 ,26 
41 ,遵义,0.8 ,65 ,,104 ,aqi,135 ,7 ,2015-04-05,58 ,17 
20 ,遵义,1 ,35 ,,63 ,aqi,25 ,6 ,2015-04-06,35 ,16 
20 ,遵义,0.9 ,32 ,,67 ,aqi,29 ,5 ,2015-04-07,34 ,18 
19 ,遵义,0.7 ,28 ,,67 ,aqi,31 ,6 ,2015-04-08,34 ,14 
33 ,遵义,0.7 ,54 ,,65 ,aqi,97 ,8 ,2015-04-09,52 ,29 
42 ,遵义,0.8 ,79 ,,83 ,aqi,176 ,15 ,2015-04-10,65 ,35 
42 ,遵义,0.7 ,73 ,,79 ,aqi,117 ,10 ,2015-04-11,62 ,32 
37 ,遵义,0.8 ,70 ,,111 ,aqi,100 ,13 ,2015-04-12,60 ,33 
53 ,遵义,0.9 ,131 ,,114 ,aqi,316 ,18 ,2015-04-13,90 ,43 
52 ,遵义,0.9 ,140 ,,133 ,aqi,284 ,20 ,2015-04-14,95 ,36 
47 ,遵义,0.8 ,88 ,,128 ,aqi,97 ,13 ,2015-04-15,73 ,31 
62 ,遵义,0.9 ,153 ,,140 ,aqi,206 ,23 ,2015-04-16,102 ,40 
74 ,遵义,0.9 ,116 ,,126 ,aqi,206 ,18 ,2015-04-17,99 ,21 
55 ,遵义,0.9 ,84 ,,134 ,aqi,166 ,10 ,2015-04-18,78 ,17 
25 ,遵义,0.6 ,41 ,,76 ,aqi,35 ,4 ,2015-04-19,41 ,16 
28 ,遵义,0.7 ,43 ,,76 ,aqi,48 ,10 ,2015-04-20,43 ,20 
31 ,遵义,0.8 ,59 ,,83 ,aqi,83 ,10 ,2015-04-21,54 ,26 
49 ,遵义,0.7 ,84 ,,65 ,aqi,154 ,7 ,2015-04-22,67 ,33 
37 ,遵义,0.6 ,56 ,,69 ,aqi,36 ,7 ,2015-04-23,53 ,23 
47 ,遵义,0.8 ,75 ,,58 ,aqi,104 ,13 ,2015-04-24,65 ,32 
52 ,遵义,0.8 ,101 ,,78 ,aqi,135 ,14 ,2015-04-25,75 ,37 
55 ,遵义,0.8 ,111 ,,43 ,aqi,144 ,13 ,2015-04-26,81 ,44 
64 ,遵义,1 ,87 ,,24 ,aqi,183 ,9 ,2015-04-27,86 ,40 
74 ,遵义,0.9 ,117 ,,83 ,aqi,275 ,15 ,2015-04-28,99 ,37 
59 ,遵义,0.8 ,105 ,,99 ,aqi,188 ,17 ,2015-04-29,80 ,31 
50 ,遵义,0.8 ,84 ,,70 ,aqi,99 ,9 ,2015-04-30,68 ,31 
25 ,遵义,0.8 ,35 ,,57 ,aqi,45 ,14 ,2015-03-01,36 ,15 
46 ,遵义,0.9 ,67 ,,57 ,aqi,130 ,31 ,2015-03-02,64 ,22 
45 ,遵义,0.9 ,64 ,,57 ,aqi,133 ,28 ,2015-03-03,63 ,28 
49 ,遵义,0.7 ,93 ,,80 ,aqi,284 ,19 ,2015-03-04,72 ,17 
29 ,遵义,0.7 ,36 ,,62 ,aqi,81 ,10 ,2015-03-05,41 ,17 
45 ,遵义,0.8 ,59 ,,53 ,aqi,151 ,18 ,2015-03-06,63 ,20 
47 ,遵义,0.8 ,65 ,,62 ,aqi,145 ,18 ,2015-03-07,65 ,18 
48 ,遵义,1 ,71 ,,92 ,aqi,159 ,26 ,2015-03-08,66 ,31 
63 ,遵义,1 ,107 ,,81 ,aqi,255 ,36 ,2015-03-09,84 ,40 
60 ,遵义,0.8 ,85 ,,96 ,aqi,262 ,17 ,2015-03-10,82 ,23 
49 ,遵义,1 ,66 ,,67 ,aqi,176 ,19 ,2015-03-11,67 ,32 
64 ,遵义,0.9 ,85 ,,108 ,aqi,212 ,28 ,2015-03-12,86 ,28 
77 ,遵义,1.1 ,117 ,,82 ,aqi,255 ,42 ,2015-03-13,102 ,49 
67 ,遵义,1 ,93 ,,65 ,aqi,171 ,23 ,2015-03-14,89 ,32 
35 ,遵义,1 ,49 ,,48 ,aqi,34 ,11 ,2015-03-15,50 ,22 
50 ,遵义,1 ,71 ,,45 ,aqi,120 ,10 ,2015-03-16,69 ,23 
66 ,遵义,1.3 ,95 ,,96 ,aqi,236 ,25 ,2015-03-17,88 ,34 
63 ,遵义,1 ,95 ,,133 ,aqi,261 ,23 ,2015-03-18,85 ,27 
34 ,遵义,1 ,58 ,,101 ,aqi,82 ,7 ,2015-03-19,54 ,21 
33 ,遵义,0.9 ,53 ,,30 ,aqi,83 ,7 ,2015-03-20,52 ,27 
46 ,遵义,0.8 ,69 ,,109 ,aqi,111 ,21 ,2015-03-21,64 ,31 
47 ,遵义,0.7 ,70 ,,69 ,aqi,92 ,8 ,2015-03-22,65 ,34 
45 ,遵义,0.8 ,67 ,,53 ,aqi,124 ,13 ,2015-03-23,62 ,33 
55 ,遵义,0.6 ,81 ,,87 ,aqi,234 ,9 ,2015-03-24,75 ,24 
57 ,遵义,0.8 ,81 ,,88 ,aqi,230 ,13 ,2015-03-25,77 ,20 
47 ,遵义,0.9 ,69 ,,46 ,aqi,168 ,11 ,2015-03-26,65 ,29 
38 ,遵义,0.8 ,48 ,,50 ,aqi,59 ,7 ,2015-03-27,48 ,16 
42 ,遵义,1 ,67 ,,31 ,aqi,72 ,14 ,2015-03-28,59 ,31 
44 ,遵义,1.1 ,76 ,,71 ,aqi,80 ,22 ,2015-03-29,63 ,33 
47 ,遵义,1 ,92 ,,110 ,aqi,153 ,18 ,2015-03-30,71 ,29 
55 ,遵义,0.9 ,94 ,,108 ,aqi,199 ,20 ,2015-03-31,76 ,24 
26 ,遵义,0.9 ,35 ,,38 ,aqi,11 ,16 ,2015-02-01,36 ,18 
28 ,遵义,1 ,43 ,,28 ,aqi,18 ,19 ,2015-02-02,43 ,24 
33 ,遵义,1 ,45 ,,19 ,aqi,31 ,20 ,2015-02-03,47 ,27 
38 ,遵义,1 ,50 ,,28 ,aqi,74 ,17 ,2015-02-04,54 ,29 
71 ,遵义,0.8 ,90 ,,84 ,aqi,228 ,30 ,2015-02-05,95 ,33 
79 ,遵义,1.1 ,124 ,,61 ,aqi,235 ,47 ,2015-02-06,105 ,46 
80 ,遵义,1.1 ,121 ,,48 ,aqi,227 ,52 ,2015-02-07,106 ,50 
75 ,遵义,0.9 ,103 ,,89 ,aqi,274 ,39 ,2015-02-08,100 ,40 
75 ,遵义,0.8 ,106 ,,99 ,aqi,268 ,37 ,2015-02-09,100 ,31 
104 ,遵义,1.2 ,152 ,,78 ,aqi,293 ,60 ,2015-02-10,136 ,47 
100 ,遵义,1.4 ,157 ,,92 ,aqi,253 ,62 ,2015-02-11,131 ,52 
91 ,遵义,1.6 ,158 ,,94 ,aqi,216 ,71 ,2015-02-12,120 ,61 
121 ,遵义,1.5 ,185 ,,78 ,aqi,291 ,82 ,2015-02-13,159 ,57 
62 ,遵义,1 ,88 ,,78 ,aqi,101 ,29 ,2015-02-14,84 ,27 
111 ,遵义,1.2 ,145 ,,92 ,aqi,269 ,33 ,2015-02-15,145 ,41 
129 ,遵义,1.2 ,161 ,,101 ,aqi,318 ,37 ,2015-02-16,170 ,41 
60 ,遵义,0.8 ,79 ,,74 ,aqi,163 ,17 ,2015-02-17,82 ,19 
75 ,遵义,0.9 ,97 ,,82 ,aqi,238 ,24 ,2015-02-18,100 ,22 
56 ,遵义,0.9 ,70 ,,73 ,aqi,112 ,10 ,2015-02-19,76 ,15 
38 ,遵义,1 ,49 ,,49 ,aqi,123 ,8 ,2015-02-20,54 ,14 
33 ,遵义,0.8 ,43 ,,49 ,aqi,90 ,9 ,2015-02-21,47 ,10 
27 ,遵义,0.7 ,36 ,,52 ,aqi,27 ,8 ,2015-02-22,38 ,13 
25 ,遵义,0.8 ,33 ,,56 ,aqi,34 ,8 ,2015-02-23,36 ,14 
30 ,遵义,0.8 ,41 ,,36 ,aqi,54 ,11 ,2015-02-24,42 ,16 
31 ,遵义,0.9 ,45 ,,46 ,aqi,95 ,18 ,2015-02-25,45 ,19 
23 ,遵义,0.6 ,34 ,,52 ,aqi,37 ,9 ,2015-02-26,34 ,15 
15 ,遵义,0.7 ,21 ,,40 ,aqi,9 ,8 ,2015-02-27,22 ,17 
19 ,遵义,0.9 ,25 ,,29 ,aqi,45 ,10 ,2015-02-28,28 ,15 
91 ,遵义,0.5 ,158 ,,78 ,aqi,312 ,34 ,2015-01-01,119 ,40 
71 ,遵义,0.7 ,148 ,,66 ,aqi,209 ,38 ,2015-01-02,99 ,39 
101 ,遵义,1.8 ,188 ,,40 ,aqi,228 ,82 ,2015-01-03,133 ,53 
113 ,遵义,1.2 ,183 ,,48 ,aqi,197 ,79 ,2015-01-04,147 ,57 
62 ,遵义,1.2 ,86 ,,55 ,aqi,95 ,27 ,2015-01-05,83 ,36 
38 ,遵义,0.6 ,54 ,,51 ,aqi,85 ,15 ,2015-01-06,54 ,25 
76 ,遵义,0.8 ,98 ,,66 ,aqi,279 ,21 ,2015-01-07,101 ,26 
55 ,遵义,0.7 ,76 ,,60 ,aqi,126 ,15 ,2015-01-08,75 ,25 
51 ,遵义,0.8 ,68 ,,30 ,aqi,83 ,20 ,2015-01-09,70 ,35 
68 ,遵义,1.1 ,99 ,,27 ,aqi,129 ,40 ,2015-01-10,91 ,44 
68 ,遵义,0.9 ,82 ,,37 ,aqi,145 ,35 ,2015-01-11,91 ,46 
48 ,遵义,0.8 ,69 ,,69 ,aqi,140 ,27 ,2015-01-12,66 ,38 
67 ,遵义,1.1 ,112 ,,83 ,aqi,186 ,44 ,2015-01-13,90 ,44 
88 ,遵义,1 ,124 ,,71 ,aqi,236 ,43 ,2015-01-14,116 ,48 
113 ,遵义,1.3 ,155 ,,57 ,aqi,262 ,50 ,2015-01-15,148 ,50 
146 ,遵义,1.7 ,197 ,,37 ,aqi,312 ,75 ,2015-01-16,194 ,55 
94 ,遵义,0.6 ,123 ,,80 ,aqi,251 ,31 ,2015-01-17,124 ,33 
106 ,遵义,1.1 ,137 ,,71 ,aqi,306 ,32 ,2015-01-18,139 ,48 
79 ,遵义,1 ,123 ,,45 ,aqi,241 ,30 ,2015-01-19,105 ,45 
72 ,遵义,0.9 ,118 ,,47 ,aqi,191 ,64 ,2015-01-20,96 ,49 
95 ,遵义,1.2 ,146 ,,77 ,aqi,234 ,57 ,2015-01-21,125 ,52 
104 ,遵义,1.3 ,164 ,,80 ,aqi,278 ,52 ,2015-01-22,136 ,56 
104 ,遵义,1.1 ,151 ,,68 ,aqi,212 ,53 ,2015-01-23,136 ,50 
116 ,遵义,1.1 ,153 ,,77 ,aqi,231 ,40 ,2015-01-24,151 ,41 
111 ,遵义,1.1 ,141 ,,43 ,aqi,205 ,28 ,2015-01-25,145 ,40 
49 ,遵义,1.1 ,66 ,,25 ,aqi,56 ,13 ,2015-01-26,67 ,26 
33 ,遵义,1.2 ,45 ,,35 ,aqi,59 ,11 ,2015-01-27,47 ,23 
16 ,遵义,1.5 ,26 ,,45 ,aqi,16 ,8 ,2015-01-28,26 ,24 
18 ,遵义,1 ,32 ,,17 ,aqi,27 ,12 ,2015-01-29,32 ,20 
26 ,遵义,0.8 ,34 ,,46 ,aqi,37 ,13 ,2015-01-30,37 ,19 
43 ,遵义,0.9 ,55 ,,65 ,aqi,147 ,21 ,2015-01-31,61 ,19 
34 ,遵义,0.5 ,70 ,,58 ,aqi,56 ,18 ,2014-12-01,60 ,22 
38 ,遵义,0.6 ,85 ,,59 ,aqi,106 ,25 ,2014-12-02,68 ,18 
48 ,遵义,0.7 ,79 ,,24 ,aqi,85 ,16 ,2014-12-03,67 ,38 
29 ,遵义,0.5 ,58 ,,40 ,aqi,72 ,18 ,2014-12-04,54 ,26 
41 ,遵义,0.5 ,87 ,,60 ,aqi,92 ,33 ,2014-12-05,69 ,33 
61 ,遵义,0.5 ,108 ,,48 ,aqi,94 ,31 ,2014-12-06,82 ,41 
59 ,遵义,0.6 ,100 ,,36 ,aqi,72 ,37 ,2014-12-07,80 ,38 
64 ,遵义,0.6 ,125 ,,79 ,aqi,78 ,33 ,2014-12-08,87 ,34 
64 ,遵义,0.5 ,108 ,,82 ,aqi,90 ,27 ,2014-12-09,87 ,30 
40 ,遵义,0.7 ,49 ,,38 ,aqi,23 ,12 ,2014-12-10,56 ,27 
35 ,遵义,0.5 ,60 ,,37 ,aqi,39 ,20 ,2014-12-11,55 ,25 
43 ,遵义,0.6 ,89 ,,28 ,aqi,86 ,39 ,2014-12-12,70 ,35 
57 ,遵义,0.7 ,107 ,,46 ,aqi,83 ,50 ,2014-12-13,79 ,39 
63 ,遵义,0.6 ,108 ,,45 ,aqi,61 ,47 ,2014-12-14,86 ,36 
55 ,遵义,0.6 ,93 ,,44 ,aqi,35 ,33 ,2014-12-15,75 ,32 
39 ,遵义,0.5 ,57 ,,39 ,aqi,43 ,21 ,2014-12-16,54 ,30 
41 ,遵义,0.5 ,88 ,,45 ,aqi,88 ,33 ,2014-12-17,69 ,37 
63 ,遵义,0.7 ,93 ,,34 ,aqi,85 ,29 ,2014-12-18,85 ,50 
52 ,遵义,0.6 ,73 ,,30 ,aqi,43 ,30 ,2014-12-19,71 ,34 
72 ,遵义,0.7 ,102 ,,34 ,aqi,143 ,24 ,2014-12-20,96 ,34 
65 ,遵义,0.7 ,84 ,,53 ,aqi,122 ,29 ,2014-12-21,87 ,37 
64 ,遵义,0.7 ,103 ,,75 ,aqi,88 ,38 ,2014-12-22,87 ,35 
87 ,遵义,0.8 ,139 ,,62 ,aqi,100 ,61 ,2014-12-23,115 ,46 
129 ,遵义,1.1 ,196 ,,25 ,aqi,143 ,57 ,2014-12-24,169 ,56 
98 ,遵义,0.7 ,141 ,,44 ,aqi,145 ,35 ,2014-12-25,129 ,49 
118 ,遵义,0.8 ,165 ,,66 ,aqi,154 ,47 ,2014-12-26,154 ,44 
144 ,遵义,1 ,198 ,,39 ,aqi,156 ,42 ,2014-12-27,191 ,46 
98 ,遵义,0.9 ,147 ,,77 ,aqi,107 ,51 ,2014-12-28,129 ,48 
95 ,遵义,1.3 ,197 ,,55 ,aqi,96 ,69 ,2014-12-29,126 ,69 
116 ,遵义,1.3 ,210 ,,60 ,aqi,134 ,80 ,2014-12-30,151 ,70 
125 ,遵义,1 ,194 ,,47 ,aqi,346 ,66 ,2014-12-31,164 ,56 
24 ,遵义,0.6 ,38 ,,35 ,aqi,16 ,6 ,2014-11-01,38 ,17 
18 ,遵义,0.4 ,29 ,,43 ,aqi,4 ,12 ,2014-11-02,29 ,14 
31 ,遵义,0.5 ,56 ,,40 ,aqi,38 ,16 ,2014-11-03,53 ,23 
36 ,遵义,0.5 ,64 ,,35 ,aqi,17 ,11 ,2014-11-04,57 ,26 
30 ,遵义,0.6 ,47 ,,43 ,aqi,9 ,13 ,2014-11-05,47 ,26 
50 ,遵义,0.7 ,93 ,,23 ,aqi,66 ,16 ,2014-11-06,72 ,33 
27 ,遵义,0.5 ,45 ,,54 ,aqi,23 ,9 ,2014-11-07,45 ,27 
21 ,遵义,0.6 ,39 ,,38 ,aqi,28 ,9 ,2014-11-08,39 ,20 
15 ,遵义,0.7 ,28 ,,42 ,aqi,8 ,12 ,2014-11-09,28 ,21 
18 ,遵义,0.7 ,35 ,,32 ,aqi,17 ,10 ,2014-11-10,35 ,24 
33 ,遵义,0.9 ,54 ,,18 ,aqi,28 ,24 ,2014-11-11,52 ,31 
39 ,遵义,0.8 ,63 ,,24 ,aqi,60 ,19 ,2014-11-12,56 ,36 
63 ,遵义,0.7 ,103 ,,44 ,aqi,148 ,20 ,2014-11-13,85 ,37 
55 ,遵义,0.6 ,100 ,,44 ,aqi,64 ,23 ,2014-11-14,75 ,39 
53 ,遵义,0.7 ,81 ,,41 ,aqi,50 ,17 ,2014-11-15,72 ,38 
53 ,遵义,0.7 ,68 ,,46 ,aqi,42 ,13 ,2014-11-16,73 ,25 
50 ,遵义,0.6 ,72 ,,47 ,aqi,35 ,16 ,2014-11-17,69 ,31 
50 ,遵义,0.6 ,76 ,,46 ,aqi,27 ,18 ,2014-11-18,68 ,32 
63 ,遵义,0.9 ,119 ,,51 ,aqi,58 ,48 ,2014-11-19,85 ,48 
83 ,遵义,0.8 ,151 ,,19 ,aqi,92 ,44 ,2014-11-20,110 ,49 
77 ,遵义,0.7 ,123 ,,12 ,aqi,78 ,13 ,2014-11-21,103 ,34 
62 ,遵义,0.9 ,97 ,,7 ,aqi,50 ,29 ,2014-11-22,83 ,31 
27 ,遵义,0.8 ,52 ,,16 ,aqi,16 ,19 ,2014-11-23,51 ,26 
36 ,遵义,0.8 ,64 ,,17 ,aqi,64 ,25 ,2014-11-24,57 ,33 
22 ,遵义,1 ,48 ,,34 ,aqi,32 ,16 ,2014-11-25,48 ,24 
28 ,遵义,0.7 ,53 ,,34 ,aqi,21 ,16 ,2014-11-26,52 ,21 
30 ,遵义,0.8 ,58 ,,35 ,aqi,42 ,23 ,2014-11-27,54 ,30 
21 ,遵义,0.7 ,43 ,,22 ,aqi,15 ,11 ,2014-11-28,43 ,22 
22 ,遵义,0.9 ,43 ,,19 ,aqi,11 ,10 ,2014-11-29,43 ,23 
28 ,遵义,0.9 ,54 ,,26 ,aqi,55 ,16 ,2014-11-30,52 ,25 
